id,product_name,drug_generic,company
1,ALMOST POWDER,TITANIUM DIOXIDE,CLINIQUE LABORATORIES INC
2,Fluticasone Propionate,Fluticasone Propionate,Perrigo New York Inc
3,Hormodendrum,Hormodendrum,"Antigen Laboratories, Inc."
4,MOIST MOISTURE SKIN TONER,Dimethicone,"SEINDNI CO., LTD."
5,FATIGUE RELIEF,"ALFALFA, PHOSPHORUS, AVENA SATIVA, SELENIUM METALLICUM, AGNUS CASTUS, PHOSPHORICUM ACIDUM",HOMEOLAB USA INC.
6,FRAICHEUR THE VERT ANTIPERSPIRANT AND DEODORANT ROLL-ON,ALUMINUM SESQUICHLOROHYDRATE,Yves Rocher North America Inc. DBA Laboratoire de biologie vegetal Yves Rocher
7,PROMETHAZINE HYDROCHLORIDE,PROMETHAZINE HYDROCHLORIDE,Cardinal Health
8,Namenda,Memantine Hydrochloride,Cardinal Health
9,Helleborus e pl. tota 3 Special Order,Helleborus e pl. tota 3 Special Order,Uriel Pharmacy Inc.
10,"carbidopa, levodopa and entacapone","carbidopa, levodopa and entacapone",Wockhardt USA LLC.
11,Hay Fever,ONION - ANTHOXANTHUM ODORATUM - SCHOENOCAULON OFFICINALE SEED,Washington Homeopathic Products
12,ECZEMA AND PSORIASIS FREE,"SAMBUCUS NIGRA FLOWER, CALENDULA OFFICINALIS FLOWER, ECHINACEA ANGUSTIFOLIA, BERBERIS VULGARIS WHOLE",PUREMEDY
13,Oral Dent,"Eucalyptol, Thymol, Methyl Salicylate, Menthol",International Cosmetics Ltd.
14,Winning Hands Antibacterial,Chloroxylenol,"Betco Corporation, Ltd."
15,Peptic Relief Cherry,Bismuth Subsalicylate,Select Brand
16,Timolol Maleate,Timolol Maleate,"Physicians Total Care, Inc."
17,PARURE DE LUMIERE LIGHT-DIFFUSING FOUNDATION WITH SUNSCREEN MOISTURE INFUSION BROAD SPECTRUM SPF 25 01 BEIGE PALE,"OCTINOXATE, TITANIUM DIOXIDE",Guerlain S.A.
18,methylphenidate hydrochloride CD,methylphenidate hydrochloride,Kremers Urban Pharmaceuticals Inc.
19,Carlesta,"Dimethicone, Zinc Oxide","G&W Laboratories, Inc."
20,Ban,ALUMINUM ZIRCONIUM TETRACHLOROHYDREX GLY,Kao Brands Company
21,Antibacterial singlefold Towels,Benzalkonium Chloride,Cascades Tissue Group Inc.
22,MORPHINUM,MORPHINE BASE,Remedy Makers
23,Isosulfan Blue,Isosulfan Blue,AnazaoHealth Corporation
24,Ibuprofen,Ibuprofen,REMEDYREPACK INC.
25,BANANA BOAT,"AVOBENZONE, OCTOCRYLENE, OXYBENZONE",Energizer Personal Care LLC
26,ALOE SUN,OCTINOXATE,"SKINFOOD CO., LTD."
27,ANTIPYRINE AND BENZOCAINE,ANTIPYRINE AND BENZOCAINE,"Preferred Pharmaceuticals, Inc."
28,dg health cough and sore throat,"Acetaminophen, Dextromethorphan HBr, Doxylamine Succinate","Dolgencorp, LLC"
29,IBUPROFEN,IBUPROFEN,REMEDYREPACK INC.
30,COBROXIN,NAJA NAJA VENOM,RECEPTOPHARM INC
31,Pitocin,oxytocin,JHP Pharmaceuticals LLC
32,Ginger and Lemon Antibacterial Foaming Hand Wash,Triclosan,"SJ Creations, Inc."
33,fluvoxamine maleate,Fluvoxamine maleate,ANIP Acquisition Company
34,Flavoxate Hydrochloride,Flavoxate hydrochloride,"TAGI Pharma, Inc."
35,Arnica 6c,ARNICA MONTANA,BrandStorm HBC
36,Trandolapril,Trandolapril,"AvKARE, Inc."
37,up and up nicotine polacrilex,Nicotine Polacrilex,Target Corporation
38,Biobron,"Dextromethorphan, Guaifenesin, Phenylephrine",Advanced Generic Corporation
39,health mart ibuprofen,Ibuprofen,McKesson
40,Hand Cleanse,Triclosan,China Ningbo Shangge Cosmetic Technology Corp.
41,DiorSkin Forever Wear Extending Invisible Retouch SPF 8 - 001,OCTINOXATE,Parfums Christian Dior
42,Tums,Calcium Carbonate,Cardinal Health
43,Effient,Prasugrel hydrochloride,Cardinal Health
44,medroxyprogesterone acetate,medroxyprogesterone acetate,Greenstone LLC
45,HAWAIIAN Tropic,"AVOBENZONE, HOMOSALATE, OCTOCRYLENE, OXYBENZONE",Energizer Personal Care LLC
46,Nafcillin Sodium,Nafcillin Sodium,Sandoz Inc
47,EltaMD UV Facial,"Zinc Oxide, Octinoxate",Swiss-American Products
48,Alphanate,Antihemophilic Factor/von Willebrand Factor Complex (Human),"GRIFOLS USA, LLC"
49,Pepto-Bismol,Bismuth subsalicylate,A-S Medication Solutions LLC
50,New Terocin,"Methyl Salicylate, Capsaicin, and Menthol",Unit Dose Services
51,ZECUITY,sumatriptan succinate,NuPathe Inc.
52,GLIPIZIDE and METFORMIN HYDROCHLORIDE,GLIPIZIDE and METFORMIN HYDROCHLORIDE,St Marys Medical Park Pharmacy
53,MENOPAUSE,"CIMICIFUGA RACEMOSASANGUINARIA,SEPIA,BELLADONNA,LACHESIS MUTUS,SULFUR,USTILAGO MAIDIS,PULSATILLA ,",White Manufacturing Inc. DBA Micro-West
54,Cough Relief,Natural Medicine,King Bio Inc.
55,Losartan Potassium,losartan potassium,"Pack Pharmaceuticals, LLC"
56,Sheer Genius Liquid Foundation - Extra Light Look,"TITANIUM DIOXIDE, OCTINOXATE",Napoleon Perdis Cosmetics
57,Ibuprofen,Ibuprofen,ARMY AND AIR FORCE EXCHANGE SERVICE
58,Smooth Brome,Smooth Brome,"Nelco Laboratories, Inc."
59,BZK Cleansing,Benzalkonium Chloride,School Health Corporation
60,FENTANYL,FENTANYL,Mylan Pharmaceuticals Inc.
61,Stalevo,"carbidopa, levodopa, and entacapone",Novartis Pharmaceuticals Corporation
62,Obsessions/Compulsions,"Arsenicum album, Arsenicum iodatum, Calcarea carbonica, Coffea cruda, Cytisus scoparius, Iodium, Mancinella, Mentha poperita, Physostigma venenosum, Silicea, Ulmus procera, flos, Verbascum thapsus",King Bio Inc.
63,Brightening Hand Broad Spectrum SPF 20,"avobenzone, octinoxate, octisalate, octocrylene",Jafra Cosmetics International Inc
64,pain and fever,Acetaminophen,Kroger Company
65,Medique Diotame,Bismuth Subsalicylate,Unique First Aid Corporation
66,Timolol Maleate,timolol maleate,Mylan Pharmaceuticals Inc.
67,Colcrys,Colchicine,Cardinal Health
68,Doxycycline,doxycycline,KAISER FOUNDATION HOSPITALS
69,Kaletra,Lopinavir and Ritonavir,"Physicians Total Care, Inc."
70,Delsym,Dextromethorphan,Reckitt Benckiser LLC
71,Molds - Trichophyton Mix,Molds - Trichophyton Mix,Jubilant HollisterStier LLC
72,Lyrica,PREGABALIN,Unit Dose Services
73,Lidocaine Hydrochloride and Dextrose,LIDOCAINE HYDROCHLORIDE ANHYDROUS and DEXTROSE MONOHYDRATE,B. Braun Medical Inc.
74,RHEUMATIC PAINS,LATHYRUS SATIVAS SEED,Natural Health Supply
75,Metformin Hydrochloride,Metformin Hydrochloride,"Ascend Laboratories, LLC"
76,Broncomar,Guaifenesin,Gadal Laboratories Inc
77,Antibacterial Hand Sanitizer - Citrus Scent,ETHYL ALCOHOL,"Ningbo Dowland Daily Health Co., Ltd"
78,CounterAct,Acetaminophen and Diphenhydramine,"Melaleuca, Inc."
79,Bactrim,Sulfamethoxazole and Trimethoprim,"AR Scientific, Inc."
80,Hand Sanitizer,Alcohol,Wal-Mart Stores Inc.
81,Levetiracetam,Levetiracetam,Aidarex Pharmaceuticals LLC
82,headache relief,"Acetaminophen, Aspirin, Caffeine",Western Family Foods Inc
83,TIAZAC,diltiazem hydrochloride,Valeant Pharmaceuticals North America LLC
84,Harmon Face Values Revitalizing Age Control Anti-Sagging Ultra Hydrating Day SPF 15,Ensulizole and Octinoxate,Harmon Stores Inc.
85,Trichloroacetic Acid 30%,Trichloroacetic Acid,CRC (Cosmoceutical Research Center)
86,ibuprofen pm,"diphenhydramine citrate, ibuprofen",HyVee Inc
87,LBEL EFFET PARFAIT Spots Reducing Effect Foundation SPF 18 - MEDIUM 6B,"OCTINOXATE, OXYBENZONE","Ventura Corporation, LTD"
88,Advicor,niacin and lovastatin,AbbVie Inc.
89,HAWAIIAN Tropic Dry Clear Sunscreen Broad Spectrum SPF 12 water resistant,"AVOBENZONE, OCTOCRYLENE",Energizer Personal Care LLC
90,Sumatriptan Succinate,Sumatriptan Succinate,Rebel Distributors Corp
91,Triamterene and Hydrochlorothiazide,Triamterene and Hydrochlorothiazide,Lake Erie Medical DBA Quality Care Products LLC
92,Dexamethasone,Dexamethasone,ECR Pharmaceuticals
93,A.H.C. C-CREAM,Niacinamide,"Carver Korea Co.,Ltd"
94,Desert Beige,"Titanium Dioxide, Octinoxate/EthylhexylMehtoxycinnamate",Jafra Cosmetics International Inc
95,Losartan Potassium and Hydrochlorothiazide,Losartan Potassium and Hydrochlorothiazide,"Roxane Laboratories, Inc."
96,supernatural airbrushed canvas broad spectrum spf 15 sunscreen,Zinc Oxide,philosophy
97,Luminous Intensive Decollote Treatment SPF 20,"Avobenzone, Octinoxate, and Octisalate","Erno Laszlo, Inc."
98,Hydrocortisone Maximum Strength,Hydrocortisone,Walgreen Company
99,Naturasil,PHOSPHORIC ACID,"Nature's Innovation, Inc."
100,Omeprazole,Omeprazole,Apotex Corp
101,Antacid Mint,"Aluminum Hydroxide, Magnesium Hydroxide and Dimethicone",Select Brand
102,Tamsulosin hydrochloride,Tamsulosin hydrochloride,"Golden State Medical Supply, Inc."
103,Garnier Fructis Antidandruff,Pyrithione Zinc,L'Oreal USA Florence Manufacturing
104,Cefepime,Cefepime Hydrochloride,Sandoz Inc
105,OPANA ER,Oxymorphone Hydrochloride,Rebel Distributors Corp
106,Lamotrigine,Lamotrigine,"NCS HealthCare of KY, Inc dba Vangard Labs"
107,Ampicillin and Sulbactam,AMPICILLIN and SULBACTAM,"Hospira, Inc."
108,Chewable Adult Low Dose Aspirin,Aspirin,Raritan Pharmaceuticals Inc
109,Pyrogenium Kit Refill,RANCID BEEF,Washington Homeopathic Products
110,MIDODRINE HYDROCHLORIDE,MIDODRINE HYDROCHLORIDE,"Global Pharmaceuticals, Division of Impax Laboratories Inc."
111,Sinusalia,"ATROPA BELLADONNA, SANGUINARIA CANADENSIS ROOT, SPIGELIA ANTHELMIA",Laboratoires Boiron
112,Anti-Bacterial Hand Sanitizer,Alcohol,"Bath & Body Works, Inc."
113,antacid,"Aluminum hydroxide, Magnesium hydroxide, Simethicone",Kroger Company
114,Imari,ALUMINUM CHLOROHYDRATE,"Avon Products, Inc."
115,CALCITRIOL,CALCITRIOL,Ranbaxy Pharmaceuticals Inc.
116,Tanzeum,albiglutide,GlaxoSmithKline LLC
117,Pure Finish Mineral Tinted Moisturizer SPF 15 Medium,Octinoxate,"Elizabeth Arden, Inc"
118,OSENI,alogliptin and pioglitazone,"Takeda Pharmaceuticals America, Inc."
119,sinus relief,"Acetaminophen, Chlorpheniramine maleate, Phenylephrine HCl",Western Family Foods Inc
120,Ativan,Lorazepam,West-ward Pharmaceutical Corp.
121,Tobramycin,TOBRAMYCIN SULFATE,"Fresenius Kabi USA, LLC"
122,SBS 41 Medicated Cream,Allantoin,"Deb USA, Inc."
123,Trimethobenzamide Hydrochloride,Trimethobenzamide Hydrochloride,REMEDYREPACK INC.
124,Riluzole,Riluzole,Sun Pharmaceutical Industries Limited
125,Atovaquone and Proguanil Hydrochloride,Atovaquone and Proguanil Hydrochloride,"PD-Rx Pharmaceuticals, Inc."
126,Verapamil Hydrochloride,Verapamil Hydrochloride,"Physicians Total Care, Inc."
127,100% Pure Argan Oil Moisturizer,Zinc Oxide,Purity Cosmetics
128,Lactic Acid,Lactic Acid,"Stratus Pharamceuticals, Inc"
129,Repaglinide,Repaglinide,Sandoz Inc
130,Metformin Hydrochloride,metformin hydrochloride,Qualitest Pharmaceuticals
131,smilecare,SODIUM MONOFLUOROPHOSPHATE,"Shantou MContinents Trading Co, LTD"
132,Listerine FreshBurst Antiseptic,"Eucalyptol, Menthol, Methyl Salicylate, and Thymol","Johnson & Johnson Healthcare Products, Division of McNEIL-PPC, Inc."
133,Lyrica,PREGABALIN,A-S Medication Solutions LLC
134,EXALGO,Hydromorphone Hydrochloride,Lake Erie Medical DBA Quality Care Products LLC
135,Good Neighbor Pharmacy night time,"Dextromethorphan Hydrobromide, Doxylamine Succinate",Amerisource Bergen
136,GABAPENTIN,GABAPENTIN,Greenstone LLC
137,Coniferyl Alcohol,Coniferyl Alcohol,"Deseret Biologicals, Inc."
138,Attention Span,"Aconite 30c, Aesculus 30c, Belladonna 30c, Bovista 30c, Hepar Sulph 30c, Hyoscyamus 30c, Ignatia 30c, Silicea 30c, Sticta 30c",Home Sweet Homeopathics
139,DAUNORUBICIN HYDROCHLORIDE,DAUNORUBICIN HYDROCHLORIDE,Sanofi-Aventis U.S. LLC
140,FusionBeauty Colorceuticals PrimeResults Tinted Moisturizer SPF15 Sand,"OCTINOXATE, OCTISALATE, TITANIUM DIOXIDE",Fusion Brands
141,Oxygen,Oxygen,First Community Care of Bassett
142,VIVID TINT BAR,TITANIUM DIOXIDE,"NATURE REPUBLIC CO., LTD."
143,Propranolol Hydrochloride,Propranolol,"Physicians Total Care, Inc."
144,Gabapentin,Gabapentin,Aurobindo Pharma Limited
145,Doxycycline,doxycycline,Par Pharmaceutical Inc
146,Gonal-f RFF Pen,folltropin alfa,"EMD Serono, Inc."
147,PRAVASTATIN SODIUM,PRAVASTATIN SODIUM,Sandoz Inc
148,ABSORBINE JR,MENTHOL,"W. F. YOUNG, INC."
149,TOPIRAMATE,TOPIRAMATE,Rebel Distributors Corp
150,Nephroplex,"Berberis vulgaris, Hydrangea arborescens, Petroselinum sativum, Solidago virguarea, Uva-ursi, Rubia tinctorum.",Apotheca Company
151,SUPER SERUM,DIMETHICONE,UNHWA CORPORATION
152,3M Avagard Foam,Alcohol,3M Health Care
153,Nu Skin Clear Action,Salicylic Acid,"NSE Products, Inc."
154,Pleo Muc,mucor racemosus,SANUM-KEHLBECK GMBH & CO KG
155,DR. RECKEWEG R9 Jutussin,"Belladonna 4X, Bryonia 4X, Coccus cacti 6X, Corallium rubrum 12X, Cuprum aceticum 12X, Drosera 4X, Ipecacuanha 6X, Spongia tosta 6X, Sticta pulmonaria 4X",PHARMAZEUTISCHE FABRIK DR. RECKEWEG & CO
156,Extra Strength Headache Relief,"Acetaminophen, Aspirin, Caffeine",WALGREEN CO.
157,Thioridazine Hydrochloride,thioridazine hydrochloride,Mylan Institutional Inc.
158,Lip Balm Sunscreen SPF 4,SPF4 Cherry Lip Balm,Walgreen Co
159,Adrenoplex,"Echinacea (Angustifolia), Adrenalinum, Glandula suprarenalis bovine, Spleen (suis), Carduus marianus, Lycopodium clavatum,","BioActive Nutritional, Inc."
160,KDS Lab,"LIDOCAINE HYDROCHLORIDE, ZINC CHLORIDE, ALCOHOL",KDS Lab
161,Ludens Wild Cherry Throat Drops,Pectin,"Prestige Brands Holdings, Inc."
162,Allscale,Allscale,"Nelco Laboratories, Inc."
163,Dysport,Botulinum Toxin Type A,"Ipsen Biopharmaceuticals, Inc."
164,Piperacillin and Tazobactam,Piperacillin and Tazobactam,"Hospira, Inc"
165,Terbutaline Sulfate,Terbutaline Sulfate,Akorn
166,Cortizone 10 Poison Ivy Relief Pads,Hydrocortisone,"Chattem, Inc."
167,Headache Relief,"Acetaminophen, Aspirin, Caffeine",TOP CARE (Topco Associates LLC)
168,Potassium Chloride in Dextrose and Sodium Chloride,"DEXTROSE, SODIUM CHLORIDE, and POTASSIUM CHLORIDE",B. Braun Medical Inc.
169,Cymbalta,Duloxetine hydrochloride,Unit Dose Services
170,Chlorthalidone,chlorthalidone,"Aphena Pharma Solutions - Tennessee, LLC"
171,Dilotab II,Acetaminophen Phenylephrine,Zee Medical Inc
172,Humco Senna Powder,Senna Powder,"Humco Holding Group, Inc."
173,Glimepiride,Glimepiride,Teva Pharmaceuticals USA Inc
174,Endure 100,Triclosan,Ecolab Inc.
175,Glipizide,glipizide,Cardinal Health
176,Mirtazapine,Mirtazapine,Prasco Laboratories
177,pain relief,Acetaminophen,Western Family Foods Inc
178,Carvedilol,Carvedilol,REMEDYREPACK INC.
179,Pleo Ut S,mycobacterium phlei,Sanum Kehlbeck GmbH & Co. KG
180,Blueberry,Blueberry,"Nelco Laboratories, Inc."
181,PAXIL,paroxetine hydrochloride,Apotex Corp
182,Zoledronic Acid,zoledronic acid,West-Ward Pharmaceutical Corp
183,Risperidone,Risperidone,Contract Pharmacy Services-PA
184,Trimethoprim,Trimethoprim,AvPAK
185,PERSONAL LUBRICANT,SAMBUCUS NIGRA FLOWER CALENDULA OFFICINALIS FLOWER PINE NEEDLE OIL (PINUS SYLVESTRIS),PUREMEDY
186,GOOD NEIGHBOR PHARMACY CLEANSING PADS,WITCH HAZEL,AMERISOURCE BERGEN
187,Jason Dandruff Relief Treatment,"Sulfur, Salicylic Acid","The Hain Celestial Group, Inc"
188,Hayfever Tonic,"Echinacea purpurea, Hydrastis canadensis, Eupatorium perfoliatum, Verbascum thapus, Sheep sorrel, Yellow dock, Kentucky Blue grass, Orchard grass, Red Top grass, Timothy grass,","BioActive Nutritional, Inc."
189,Nitrogen,Nitrogen,Boggs Gases div. Boggs Fire Equipment
190,Amitriptyline Hydrochloride,Amitriptyline Hydrochloride,Aidarex Pharmaceuticals LLC
191,SORIATANE,acitretin,Stiefel Laboratories Inc
192,Ziprasidone Hydrochloride,Ziprasidone Hydrochloride,BluePoint Laboratories
193,Walgreens Oil-Free Acne Wash,Salicylic Acid,Walgreens Company
194,Warfarin Sodium,Warfarin Sodium,Camber Pharmaceuticals
195,VemaVite-PRx 2,"Ascorbic Acid, Tribasic Calcium Phosphate, Ferrous Fumarate, Cholecalciferol, Alpha-Tocopherol, Pyridoxine Hydrochloride, Folic Acid, Doconexent, and Docusate Sodium","TRIGEN Laboratories, Inc."
196,stimulant laxative enteric coated,Bisacodyl,Geri-Care Pharmaceutical Corp
197,Berkley and Jensen Ranitidine,Ranitidine,BJWC
198,Gemfibrozil,Gemfibrozil,"Golden State Medical Supply, Inc."
199,everyone Hand Sanitizer,alcohol,Small World Trading Company
200,Creamy Beige Perfecting Makeup Broad Spectrum SPF 25,"Octinoxate, Titanium Dioxide","Merle Norman Cosmetics, Inc"
201,Olanzapine,olanzapine,Mylan Pharmaceuticals Inc.
202,Fresh Sugar Lip Treatment SPF 15,Octinoxate and Oxybenzone,Guerlain
203,TOPIRAMATE,topiramate,REMEDYREPACK INC.
204,Budesonide,Budesonide,"Physicians Total Care, Inc."
205,Keppra,levetiracetam,"UCB, Inc."
206,DermaTAF Antifungal Treatment,TOLNAFTATE,"DermaTAF, Inc."
207,Lovenox,enoxaparin sodium,sanofi-aventis U.S. LLC
208,Opahl,Benzocaine,"Dharma Research, Inc."
209,Pacerone,Amiodarone Hydrochloride,"Upsher-Smith Laboratories, Inc."
210,Suphedrine PE Sinus and Allergy,Chlorpheniramine maleate and Phenylephrine HCl,ARMY AND AIR FORCE EXCHANGE SERVICE
211,Recombinate,Antihemophilic Factor Recombinant,Baxter Healthcare Corporation
212,Lamotrigine,Lamotrigine,Cadila Healthcare Limited
213,CardioGen-82,Rubidium Chloride RB-82,Bracco Diagnostics Inc
214,California Black Oak,California Black Oak,"Nelco Laboratories, Inc."
215,Fluconazole,Fluconazole,"Blenheim Pharmacal, Inc."
216,dg health mucus relief er,Guaifenesin,"Dolgencorp, LLC"
217,BZK,benzalkonium chloride,"BIC Graphic USA Manufacturing Co, Inc."
218,Sunmark Calamine,Calamine 8% and Zinc Oxide 8%,McKesson
219,Clearskin Professional,Salicylic Acid,"Avon Products, Inc."
220,Leucovorin,leucovorin calcium,Sagent Pharmaceuticals
221,Acetaminophen,Acetaminophen,Western Family Foods Inc
222,Krystexxa,pegloticase,"Savient Pharmaceuticals, Inc."
223,Relief plus G12,"acetylcholine chloride, prunus cerasifera flower, clematis vitalba flower, interleukin-12 human, histamine, interleukin-12 human, impatiens glandulifera flower, interferon gamma-1a, helianthemum nummularium flower, serotonin, ornithogalum umbellatum",VIATREXX BIO INCORPORATED
224,Purell Advanced Hand Sanitizer Tranquil Sunset,ALCOHOL,"GOJO Industries, Inc."
225,Pamidronate Disodium,Pamidronate Disodium,Areva Pharmaceuticals Inc.
226,Flucytosine,Flucytosine,Oceanside Pharmaceuticals
227,Triamterene and Hydrochlorothiazide,Triamterene and Hydrochlorothiazide,REMEDYREPACK INC.
228,Valacyclovir Hydrochloride,valacyclovir hydrochloride,Mylan Pharmaceuticals Inc.
229,RISPERIDONE,RISPERIDONE,"Breckenridge Pharmaceutical, Inc."
230,FUNGUS MD,TOLNAFTATE,Orly International Inc
231,napoleon PERDIS CHINA DOLL FOUNDATION BROAD SPECTRUM SPF 15 Look 4,"TITANIUM DIOXIDE, ZINC OXIDE","Napoleon Perdis Cosmetics, Inc"
232,BioRelief Ice Pain Relieving,MENTHOL,"Mekt, LLC"
233,SHISEIDO SUN PROTECTION FOUNDATION,TITANIUM DIOXIDE,SHISEIDO AMERICA INC.
234,Estradiol,Estradiol,Barr Laboratories Inc.
235,Diltiazem Hydrochloride,Diltiazem Hydrochloride,Sun Pharma Global FZE
236,Amoxicillan,Amoxicillan,Northwind Pharmaceuticals
237,Ranitidine,Ranitidine,Aidarex Pharmaceuticals LLC
238,Lansoprazole,lansoprazole,McKesson Packaging Services a business unit of McKesson Corporation
239,Sodium Chloride,Sodium Chloride,Baxter Healthcare Corporation
240,NIRAVAM,ALPRAZOLAM,STAT RX USA LLC
241,Progena,"Atropinum Sulphuricum, Berberis Vulgaris, Bryonia, Carduus Marianus, Chelidonium Majus, Echinacea, Glandula Suprarenalis, Lycopodium Clavatum, Magnesia Phosphorica, Spleen, Zingiber Officinale","Meditrend, Inc. DBA Progena Professional Formulations"
242,Major Vitamin A and D,Petrolatum and Lanolin,Major Pharmaceuticals
243,Metamucil,Psyllium Husk,The Procter & Gamble Manufacturing Company
244,Hi and Dri Antiperspirant,ALUMINUM CHLOROHYDRATE,Revlon Consumer Products Corp
245,ALTERNARIA TENUIS,ALTERNARIA TENUIS,"ALK-Abello, Inc."
246,Hydralazine Hydrochloride,hydralazine hydrochloride,Mylan Pharmaceuticals Inc.
247,MINOCYCLINE HYDROCHLORIDE,MINOCYCLINE HYDROCHLORIDE,American Health Packaging
248,Lovastatin,Lovastatin,"PD-Rx Pharmaceuticals, Inc."
249,leader nasal,Oxymetazoline HCl,Cardinal Health
250,Arnica Value Pack,ARNICA MONTANA,Laboratoires Boiron
251,Vertra SPF 35 Foundation Sunscreen Face Natural Beige,TITANIUM DIOXIDE,"Vertra, Inc"
252,Doxycycline,Doxycycline hyclate,West-Ward Pharmaceutical Corp
253,IPKN MOIST AND FIRM BB 01 FAIR,"Titanium Dioxide, Octinoxate, Octisalate, Zinc Oxide","Inel Cosmetics Co., Ltd."
254,Gentle Laxative,Bisacodyl,Wal-Mart Stores Inc
255,Gumsol,"Benzocaine, Zinc Chloride",Kramer Novis
256,Sertraline Hydrochloride,Sertraline Hydrochloride,Legacy Pharmaceutical Packaging
257,LBEL,"Titanium Dioxide, Zinc Oxide, and Octinoxate",Ventura Corporation LTD.
258,Kids Crest,Sodium Fluoride,Procter & Gamble Manufacturing Company
259,Aire-Master Sanitizer Gel vit e/a,Alcohol,"Aire-Master of America, Inc"
260,OXYGEN,OXYGEN,Mabscott Supply Company
261,Shopko Camphor Phenol Gel,"Camphor, Phenol",Shopko
262,Up (and) Up Green Apple Scent,Triclosan,Sun Products Corporation
263,Haddock,Haddock,"Nelco Laboratories, Inc."
264,Aspirin,Aspirin,"Publix Supermarkets, Inc."
265,SohMed Sinus,"Acetaminophen, Guaifenesin, and Phenylephrine Hydrochloride",Sohm Inc.
266,Oxygen,Oxygen,Med-Tech Repairs Inc
267,Body Essence Raspberry Antibacterial,Triclosan,PureTek Corporation
268,ISOVUE,IOPAMIDOL,Bracco Diagnostics Inc
269,Cephalexin,Cephalexin,Jazeera Pharmaceutical
270,PARURE DE LUMIERE LIGHT-DIFFUSING FOUNDATION WITH SUNSCREEN MOISTURE INFUSION BROAD SPECTRUM SPF 25 12 ROSE CLAIR,"OCTINOXATE, TITANIUM DIOXIDE",Guerlain S.A.
271,Clopidogrel bisulfate,Clopidogrel bisulfate,Cardinal Health
272,Carisoprodol,Carisoprodol,Bryant Ranch Prepack
273,Witch Hazel,Witch hazel,Walgreens
274,Carbocaine,Mepivacaine Hydrochloride,"Hospira, Inc."
275,CALIFORNIA ALOE POWER LASTING SUN,"OCTINOXATE, OCTISALATE","NATURE REPUBLIC CO., LTD."
276,Hydroxyzine Hydrochloride,Hydroxyzine Hydrochloride,"Glenmark Generics Inc., USA"
277,AMOREPACIFIC,"OCTINOXATE, TITANIUM DIOXIDE, and ZINC OXIDE",AMOREPACIFIC
278,Cenestin,"synthetic conjugated estrogens, A",Teva Women's Health Inc.
279,PROPAFENONE HYDROCHLORIDE,propafenone hydrochloride,"Mutual Pharmaceutical Co., Inc."
280,Handi-Sani,ALCOHOL,Chromate Industrial Corporation
281,mirtazapine,mirtazapine,"Eon Labs, Inc."
282,Aire-Master,Alcohol,"Aire-Master of America, Inc."
283,Compulsin,"Arsenicum Album, Aresnicum Iodatum, Calcarea Carbonica, Coffea Cruda, Iodum, Mancinella, Physostigma, Silicea",Ionx Holdings d/b/a HelloLife Inc.
284,COMVAX,Haemophilus b Conjugate (Meningococcal Protein Conjugate) and Hepatitis B (Recombinant) Vaccine,Merck Sharp & Dohme Corp.
285,Irbesartan,IRBESARTAN,"Solco healthcare U.S., LLC"
286,Magnesium Citrate Oral Solution,Magnesium Citrate,Good Neighbor Pharmacy
287,Antibacterial Hand Polar Mint and Arctic Blast,ALCOHOL,"SJ Creations, Inc."
288,K-Phos,"Potassium Phosphate, Monobasic and Sodium Phosphate, Monobasic, Anhydrous","Beach Products, Inc."
289,Vitamin A D,"Lanolin, Petrolatum",American Sales Company
290,Severe Daytime,"acetaminophen, dextromethorphan hbr, guaifenesin, phenylephrine hcl",CVS Pharmacy
291,Norethindrone,Norethindrone,Mylan Pharmaceuticals Inc.
292,Levofloxacin,Levofloxacin,Clinical Solutions Wholesale
293,STOOL SOFTENER DOCUSATE SODIUM 50 MG,DOCUSATE SODIUM,PuraVation Pharmaceuticals Inc
294,Clear Eyes Complete 7 Sympton Relief,"Hypromellose, Naphazoline Hydrochloride, Polysorbate 80 and Zinc Sulfate","Prestige Brands Holdings, Inc."
295,arthritis pain relief,Acetaminophen,HyVee Inc
296,Perphenazine,Perphenazine,Sandoz Inc
297,Dove,Aluminum Zirconium Tetrachlorohydrex GLY,Conopco Inc. d/b/a Unilever
298,Synthroid,Levothyroxine Sodium,"Dispensing Solutions, Inc."
299,OTEZLA,apremilast,Celgene Corporation
300,Venlafaxine Hydrochloride,venlafaxine hydrochloride,Apotex Corp.
301,Day time,"Acetaminophen, Dextromethorphan Hydrobromide, Phenylephrine Hydrochloride",AmerisourceBergen (Good Neighbor Pharmacy)
302,Doxazosin,Doxazosin,Major Pharmaceuticals
303,BZK Towelette,BENZALKONIUM CHLORIDE,Henry Schein Inc.
304,Diltiazem Hydrochloride,Diltiazem Hydrochloride,REMEDYREPACK INC.
305,Foam Antibacterial Hand Wash,Triclosan,Rubbermaid Commercial Products LLC
306,KENALOG-10,TRIAMCINOLONE ACETONIDE,"E.R. Squibb & Sons, L.L.C."
307,APAP,Acetaminophen,Advance Pharmaceutical Inc.
308,ClearCalm 3 Anti-Acne Starter,SULFUR,Ren Ltd.
309,Isocaine,Mepivacaine Hydrochloride,"Novocol Pharmaceutical of Canada, Inc."
310,Duloxetine,Duloxetine,Cadila Healthcare Limited
311,Levothroid,LEVOTHYROXINE SODIUM,"Physicians Total Care, Inc."
312,Therapeutic Relief,Menthol,Kinray Inc.
313,Shopko Chest Congestion Relief,Guaifenesin,Shopko
314,antacid,Calcium carbonate,Meijer Distribution Inc
315,Exchange Select Sport Sunscreen,OCTINOXATE OXYBENZONE,ARMY AND AIR FORCE EXCHANGE SERVICE
316,DERMAN ANTIFUNGAL,"ZINC UNDECYLENATE, UNDECYLENIC ACID","Compania Internacional de Comercio, S.A. de C.V."
317,Nitetime Cough,"Dextromethorphan Hydrobromide, Doxylamine Succinate",Meijer Distribution Inc
318,Climara,Estradiol,Bayer HealthCare Pharmaceuticals Inc.
319,Aspirin,Aspirin,Rebel Distributors Corp
320,Dasetta 1/35,Norethindrone and Ethinyl Estradiol,Northstar Rx LLC
321,Blackberry,Blackberry,"Nelco Laboratories, Inc."
322,Hydrisalic,SALICYLIC ACID,"Pedinol Pharmacal, Inc."
323,anti diarrheal,Loperamide Hydrochloride,Meijer Distribution Inc
324,Oxygen,Oxygen,"Memorial Home Services of Central Illinois, Inc"
325,Good Neighbor Pharmacy Night Time D,"Acetaminophen, Dextromethorphan Hydrobromide, Doxylamine Succinate, Pseudoephedrine Hydrochloride",Amerisource Bergen
326,HACKBERRY POLLEN,celtis occidentalis pollen,"Allergy Laboratories, Inc."
327,Bethanechol Chloride,Bethanechol Chloride,"Physicians Total Care, Inc."
328,Oxygen,Oxygen,Metro Welding Supply Corporation
329,Fluocinolone Acetonide,fluocinolone acetonide,"Physicians Total Care, Inc."
330,Clinical Works Ocean Breeze Waterless Hand Sanitizer,Alcohol,"Taizhou Xinzhixuan Daily-Use Co., Ltd."
331,PCXX ONE MINTE GEL WATERMELON SPLASH,FLUORIDE TREATMENT,Ross Healthcare Inc.
332,Oxygen-Helium Mixture,Oxygen-Helium Mixture,"Roberts Oxygen Company, Inc."
333,Wet Wipes,benzethonium chloride,Personal Care Products
334,BACTROBAN,mupirocin calcium,GlaxoSmithKline LLC
335,Medicated Acne Pads,salicylic acid,"H and P Industries, Inc. dba Triad Group"
336,Glipizide,Glipizide,"Physicians Total Care, Inc."
337,Primidone,Primidone,"AvKARE, Inc."
338,Minocin,minocycline hydrochloride,"Triax Pharmaceuticals, LLC"
339,CAREONE,ETHYL ALCOHOL,AMERICAN SALES COMPANY
340,Phendimetrazine Tartrate,phendimetrazine tartrate,"Physicians Total Care, Inc."
341,IOPE SS,OCTINOXATE and ZINC OXIDE,AMOREPACIFIC
342,Equaline Hemorrhoidal,"glycerin, phenylephrine HCl, pramoxine HCl, white petrolatum",Supervalu Inc
343,NITROGEN,NITROGEN,Gilmore Liquid Air Company
344,Bumooly-S,METHYL SALICYLATE,"Scott Holdings Co., Ltd."
345,equaline complete,"famotidine, calcium carbonate and magnesium hydroxide",Supervalu Inc
346,Buspirone Hydrochloride,Buspirone,"Physicians Total Care, Inc."
347,"Pollens - Trees, Hackberry Celtis occidentalis",Hackberry Celtis occidentalis,Jubilant HollisterStier LLC
348,Ampicillin and Sulbactam,Ampicillin Sodium and Sulbactam Sodium,Baxter Healthcare Corporation
349,Aesculus e cort. 3,Aesculus e cort. 3,Uriel Pharmacy Inc.
350,TOPCARE,ETHYL ALCOHOL,TOPCO ASSOCIATES LLC
351,Acacia Pollen,Acacia spp.,"Allermed Laboratories, Inc."
352,Kirklands Childrens Aller Tec,cetirizine,Costco Wholesale Company
353,Opahl,Benzocaine,"Dharma Research, Inc."
354,Scot-Tussin,Dextromethorphan Hydrobromide Chlorpheniramine Maleate,"SCOT-TUSSIN Pharmacal Co., Inc."
355,Cold Sore Treatment,Benzalkonium Chloride,McKesson
356,Dipyridamole,Dipyridamole,Zydus Pharmaceuticals (USA) Inc.
357,CHLORALUM,CHLORAL HYDRATE,Remedy Makers
358,Mometasone Furoate,mometasone furoate,"E. FOUGERA & CO., A division of Fougera Pharmaceuticals Inc."
359,CLONIDINE HYDROCHLORIDE,clonidine hydrochloride,Unit Dose Services
360,Good Neighbor Pharmacy Day Time,"Acetaminophen, Phenylephrine HCl",Amerisource Bergen
361,HAND SANITIZER,ETHYL ALCOHOL,APOLLO HEALTH AND BEAUTY CARE
362,Clopidogrel,Clopidogrel bisulphate,Accord Healthcare Inc.
363,AZITHROMYCIN,AZITHROMYCIN,WOCKHARDT LIMITED
364,Ban,ALUMINUM ZIRCONIUM TETRACHLOROHYDREX GLY,Kao Brands Company
365,Ketoprofen,ketoprofen,"Physicians Total Care, Inc."
366,First Aid Triple Antibiotic and Pain Relief,"Bacitracin Zinc, Neomycin, Polymyxin B Sulfate, Pramoxine Hydrocloride","LIFElabs, a Division of Atico International USA, INC."
367,Creon,Pancrelipase,AbbVie Inc.
368,BabyGanics Sunscreen,"OCTINOXATE, OCTISALATE, and ZINC OXIDE",KAS Direct LLC dba BabyGanics
369,Pancuronium Bromide,Pancuronium Bromide,"Teva Parenteral Medicines, Inc."
370,Justice Blue berry Scent ANTI BAC HAND SANITIZER,ETHYL ALCOHOL,Tween Brands Inc
371,Metformin Hydrochloride,Metformin Hydrochloride,"NCS HealthCare of KY, Inc dba Vangard Labs"
372,Tussin DMMaximum Strength,"Dextromethorphan HBr, Guaifenesin",CVS Pharmacy
373,Ibuprofen,Ibuprofen,"Physicians Total Care, Inc."
374,Buspirone Hydrochloride,Buspirone Hydrochloride,Rebel Distributors Corp
375,healthy accents pain relief,Acetaminophen,DZA Brands LLC
376,LBEL Couleur luxe rouge irresistible maximum hydration SPF 17,Octinoxate and Oxybenzone,Ventura International LTD
377,Theraproxen-90,"NAPROXEN, .GAMMA.-AMINOBUTYRIC ACID",Physician Therapeutics LLC
378,Oxygen,Oxygen,Bishop Welding Supply
379,Lansoprazole,Lansoprazole,"Western Family Foods, Inc."
380,Oral-B,Cetylpyridinium Chloride,Oral-B Laboratories
381,mucus and chest congestion,Guaifenesin,Meijer Distribution Inc
382,Vancomycin HCl,Vancomycin HCl,Cantrell Drug Company
383,FEIBA,Anti-Inhibitor Coagulant Complex,Baxter Healthcare Corporation
384,Complete Allergy 4 Kids,"ACONITUM NAPELLUS, ONION, EUPHRASIA STRICTA, GALPHIMIA GLAUCA FLOWERING TOP, HISTAMINE DIHYDROCHLORIDE, LUFFA OPERCULATA FRUIT, SODIUM CHLORIDE, STRYCHNOS NUX-VOMICA SEED, PULSATILLA VULGARIS, and SCHOENOCAULON OFFICINALE SEED","Hyland's, Inc."
385,Erythromycin,erythromycin,"Physicians Total Care, Inc."
386,DELFLEX,"Dextrose Monohydrate, Sodium Chloride, Sodium Lactate, Calcium Chloride, Magnesium Chloride",Fresenius Medical Care North America
387,Head and Shoulders Conditioner,Pyrithione Zinc,Procter & Gamble Manufacturing Co.
388,Acyclovir,Acyclovir,REMEDYREPACK INC.
389,Argatroban,Argatroban,"Eagle Pharmaceuticals, Inc."
390,Herpeset,"Apis mellifica, Arsenicum album, Baptisia tinctoria, Capsicum annuum, Dulcamara, Echinacea, Nitricum acidum, Pyrogenium, Rhus toxicodendron,","Liddell Laboratories, Inc."
391,pravastatin sodium,pravastatin sodium,Bryant Ranch Prepack
392,ANTIMONIUM TARTARICUM,ANTIMONY POTASSIUM TARTRATE,Remedy Makers
393,Treatment Set TS329905,Treatment Set TS329905,"Antigen Laboratories, Inc."
394,Lemon Zest Antibacterial Foaming Hand Wash,Triclosan,"SJ Creations, Inc."
395,Olanzapine,Olanzapine,Aurobindo Pharma Limited
396,Ropinirole Hydrochloride,ropinirole hydrochloride,Mylan Pharmaceuticals Inc.
397,topcare tussin CF,"Dextromethorphan Hydrobromide, Guaifenesin, Phenylephrine Hydrochloride",Topco Associates LLC
398,Lysol,Benzalkonium Chloride,Reckitt Benckiser LLC
399,Respaire-30,GUAIFENESIN,"Laser Pharmaceuticals, LLC"
400,Headache,"Elaps corallinus, Arsenicum alb., Belladonna, Bryonia, Carduus benedictus, Cimicifuga, Coffea cruda, Convallaria, Crotalus horridus, Digitalis, Gelsemium, Glonoinum, Ignatia, Lachesis, Merc. viv., Naja, Nux vom., Phosphorus, Rhus toxicodendron, Sanguinaria, Secale, Vipera berus, Apis mel., Hypericum, Thuja occ..","Newton Laboratories, Inc."
401,FLUORITAB CHEWABLE,SODIUM FLUORIDE,Fluoritab Corporation
402,Citrus Burst Antibacterial Cleansing Hand Wash,Triclosan,"SJ Creations, Inc."
403,Nu Skin Nu Colour,"Octinoxate, Octisalate, Oxybenzone, and Titanium Dioxide","NSE Products, Inc."
404,Therapeutic Sulfur Mask,Sulfur,University Medical Pharmaceuticals Corp
405,Aspergillus repens,Aspergillus repens,"Antigen Laboratories, Inc."
406,Pre-Scrub II,Chlorhexidine Gluconate Solution,"BioMed Systems, Inc."
407,Burn Out SPF-30 Sunscreen,Zinc Oxide,Sun Research LLC
408,Simvastatin,Simvastatin,Dr. Reddy's Laboratories Limited
409,Demerol,Meperidine Hydrochloride,sanofi-aventis U.S. LLC
410,Saline Nasal,Sodium chloride 0.65%,Lee Pharmaceuticals
411,Isopto Carbachol,carbachol,"Alcon Laboratories, Inc."
412,Bupropion Hydrochloride,bupropion hydrochloride,Mylan Pharmaceuticals Inc.
413,PE multi-stymptom cold and cough relief,"Acetaminophen, Dextromathorphan HBr, Gauifenesin, Phenylephrine HCl",Target Corporation
414,LiceMD,Pyrethrum Extract and Piperonyl Butoxide,Reckitt Benckiser LLC
415,Caffeine Citrate,CAFFEINE CITRATE,"Paddock Laboratories, LLC"
416,METHADOSE Dispersible,Methadone Hydrochloride,"Mallinckrodt, Inc."
417,IOPE S.S. CONDITIONING COLOR BASE No.60,"Octinoxate, TITANIUM DIOXIDE, and ZINC OXIDE",AMOREPACIFIC
418,Oxygen,Oxygen,"Life Quality Home Healthcare, Inc."
419,Softlips Pure Lip Gloss,zinc oxide,The Mentholatum Company
420,clobetasol propionate,Clobetasol Propionate,Perrigo New York Inc
421,Levetiracetam,Levetiracetam,Lake Erie Medical & Surgical Supply DBA Quality Care Products LLC
422,Fosinopril Sodium,Fosinopril Sodium,Unit Dose Services
423,Metformin hydrochloride,Metformin hydrochloride,"Solco healthcare U.S., LLC"
424,Scienceware Eyewash,Water,Bel-Art Products
425,Hydrocodone Bitartrate and Acetaminophen,Hydrocodone Bitartrate and Acetaminophen,Contract Pharmacy Services-PA
426,Toasted Vanilla Sugar Hand Sanitizer,Ethyl Alcohol,"Advanced Beauty Systems, Inc."
427,LBEL Couleur Luxe Rouge Amplifier XP amplifying SPF 15,Octinoxate and Oxybenzone,Ventura Corporation LTD
428,CVTOX,not applicable,"BioActive Nutritional, Inc."
429,Nighttime Sleep Aid,Diphenhydramine HCl,Target Corporation
430,Lorazepam,Lorazepam,McKesson Packaging Services Business Unit of McKesson Corporation
431,Witch Hazel,WITCH HAZEL,Vi-Jon
432,rx act nighttime,"Acetaminophen, Dextromethorphan Hydrobromide, Doxylamine Succinate",H E B
433,Sunmark Nicotine,Nicotine,McKesson
434,Equate Ibuprofen,Ibuprofen,Walmart stores Inc
435,Sodium Chloride,SODIUM CHLORIDE,"Hospira, Inc."
436,KROGER NICOTINE TRANSDERMAL SYSTEM,NICOTINE,Novartis Consumer Health
437,Kirkland Signature AllerClear D 12 hr,"Loratadine, Pseudoephedrine",Costco Wholesale Company
438,CARBIDOPA AND LEVODOPA,Carbidopa and Levodopa,"Accord Healthcare, Inc."
439,Lorazepam,Lorazepam,"Upsher-Smith Laboratories, Inc."
440,Balahist,"Brompheniramine Maleate, Phenylephrine Hydrochloride, Dextromethorphan Hydrobromide","Ballay Pharmaceuticals, Inc."
441,Old Spice Original,Aluminum Zirconium Trichlorohydrex Gly,Procter and Gamble Manufacturing Company
442,Chromic Chloride,Chromic Chloride,"American Regent, Inc."
443,CONTROL,CHLOROXYLENOL,Standardized Sanitation Systems
444,Risperidone,Risperidone,Rebel Distributors Corp
445,Fiore Rx CranApple Crush Antifungal Nail Polish,Undecylenic Acid,"Cosco International, Inc."
446,Ciprofloxacin,Ciprofloxacin,"IVAX Pharmaceuticals, Inc."
447,Koh Gen Do Aqua Foundation,Aqua Foundation,"Koh Gen Do USA, Inc"
448,Sulphur Kit Refill,SULFUR,Washington Homeopathic Products
449,Ramipril,ramipril,American Health Packaging
450,Gout Control,"Arnica Montana, Urtica Urens, Silicon Dioxide, and Thuja Occidentalis Root",Forces of Nature
451,ZALEPLON,ZALEPLON,Lake Erie Medical & Surgical Supply DBA Quality Care Products LLC
452,Potassium Chloride,Potassium Chloride,Zydus Pharmaceuticals USA Inc
453,Equaline Dandruff,PYRITHIONE ZINC,Supervalu Inc
454,Quinapril,Quinapril,Sun Pharmaceutical Industries Limited
455,ciprofloxacin,ciprofloxacin,Northwind Pharmaceuticals
456,Smart Sense ibuprofen,Ibuprofen,Kmart Corporation
457,Rocky Mountain Sunscreen,"Octinoxate, octisalate, octocrylene, titanium dioxide",Creative Cosmetics Inc. dba CCI
458,LEADER TRIPLE ANTIBIOTIC,"BACITRACIN, NEOMYCIN SULFATE, POLYMYXIN-B SULFATE",CARDINAL HEALTH
459,Targretin,bexarotene,Valeant Pharmaceuticals North America LLC
460,Nicorette,nicotine polacrilex,GlaxoSmithKline Consumer Healthcare LP
461,Apathy,"Adrenalinum, Bromus ramosus, flos, Calcarea iodata, Capsicum annuum, Carduus marianus, Carpinus betulus, flos, Chelidonium majus, Chionanthus virginica, Cinchona officinalis, Cytisus Scoparius, Juglans regia, flos, Mentha piperita, Oxytropis lambertii, Parthenium, Phosphoricum acidum, Picricum acidum, Saponaria officinalis, Scleranthus annuus, flos, Zincum metallicum",King Bio Inc.
462,Nortriptyline Hydrochloride,Nortriptyline Hydrochloride,Rebel Distributors Corp
463,povidine iodine,povidine iodine,Dynarex Corporation
464,LivRelief,Capsicum,LivCorp Inc.
465,bareMinerals bareSkin Pure Brightening Serum Foundation Broad Spectrum SPF 20,Titanium Dioxide,"Bare Escentuals Beauty, Inc."
466,Mirtazapine,Mirtazapine,Apotex Corp.
467,Nitrofurantoin Macrocrystals,Nitrofurantoin Macrocrystals,BluePoint Laboratories
468,Walgreens Chap Aid Regular Lip Balm,"Padimate O, Petrolatum",Walgreen Company
469,Pravastatin Sodium,pravastatin sodium,"Physicians Total Care, Inc."
470,Good Sense,Loratadine,"Geiss, Destin & Dunn, Inc."
471,NALOXONE HYDROCHLORIDE,naloxone hydrochloride,"General Injectables & Vaccines, Inc"
472,Good Neighbor Pharmacy Sleep Time,Diphenhydramine HCl,Amerisource Bergen
473,skin elements liquid veil foundation broad spectrum SPF 25,"OCTINOXATE, OCTOCRYLENE, AVOBENZONE","Laura Geller Beauty, LLC"
474,"SODIUM SULFACETAMIDE, SULFUR","SODIUM SULFACETAMIDE, SULFUR","AUSTIN PHARMACEUTICALS, LLC"
475,Alpha-Caine,Benzocaine,"Dental Technologies, Inc."
476,Modafinil,Modafinil,"Actavis Pharma, Inc."
477,Captopril,Captopril,Major Pharmaceuticals
478,Fair and Square Antibacterial with Moisturizer,TRICLOSAN,"Davion, Inc"
479,Lioresal,baclofen,Medtronic Neuromodulation
480,SULINDAC,sulindac,"Mutual Pharmaceutical Company, Inc."
481,Childrens 24 hour allergy,Loratadine,Meijer Distribution Inc
482,Levothyroxine Sodium,Levothyroxine Sodium,Clinical Solutions Wholesale
483,Glyburide and Metformin Hydrochloride,Glyburide and Metformin Hydrochloride,"CorePharma, LLC"
484,Magnesium Oxide,Magnesium Oxide,"A&Z Pharmaceutical, Inc."
485,Golden Pear Antibacterial Foaming Handwash,Triclosan,"SJ Creations, Inc."
486,DG Health Ibuprofen,Ibuprofen,"Dolgencorp, LLC"
487,Acetaminophen,Acetaminophen,Health Mart
488,Bellagio Lip Moisturizer SPF 15,"Octinoxate, Octisalate, and Oxybenzone","Lifetech Resources, LLC"
489,ORTHO TRI CYCLEN Lo,norgestimate and ethinyl estradiol,"Physicians Total Care, Inc."
490,Endure 100,Triclosan,Ecolab Inc.
491,Common Sagebrush,Common Sagebrush,"Nelco Laboratories, Inc."
492,Stool Softener,Docusate Sodium,ARMY AND AIR FORCE EXCHANGE SERVICE
493,CARELESS WEED POLLEN,amaranthus palmeri pollen,"Allergy Laboratories, Inc."
494,Folcaps Care One,"calcium ascorbate, calcium threonate, Cholecalciferol, ALPHA-TOCOPHERYL ACETATE, RIBOFLAVIN, NIACINAMIDE, PYRIDOXINE HYDROCHLORIDE, FOLIC ACID, CALCIUM CARBONATE, IRON, IODINE, MAGNESIUM, ZINC, DOCUSA",Midlothian Laboratories
495,Always Triple BB,"Titanium Dioxide, Zinc Oxide","Elishacoy Co., Inc."
496,SOLV X,salicylic acid,"Mediceutical Laboratories, LTD"
497,Betamethasone Sodium Phosphate and Betamethasone Acetate,Betamethasone Sodium Phosphate and Betamethasone Acetate,"PharmaForce, Inc."
498,Glucagon,glucagon,Eli Lilly and Company
499,Topamax,topiramate,Rebel Distributors Corp
500,pain relief,Naproxen Sodium,Safeway
501,KLOR-CON M,potassium chloride,Sandoz Inc.
502,PROMETHAZINE VC WITH CODEINE,"PROMETHAZINE HYDROCHLORIDE, PHENYLEPHRINE HYDROCHLORIDE AND CODEINE PHOSPHATE",Actavis Mid Atlantic LLC
503,Acetaminophen PM,"Acetaminophen, Diphenhydramine HCl",Kroger Company
504,Lansoprazole,Lansoprazole,"Physicians Total Care, Inc."
505,Avon,"Titanium Dioxide, Zinc Oxide","Avon Products, Inc."
506,Prempro,conjugated estrogens and medroxyprogesterone acetate,"Dispensing Solutions, Inc."
507,cephalexin,cephalexin,Unit Dose Services
508,Ciprofloxacin,ciprofloxacin hydrochloride,HHS/Program Support Center/Supply Service Center
509,Nifedipine,Nifedipine,"Par Pharmaceutical, Inc."
510,Moexipril Hydrochloride and Hydrochlorothiazide,Moexipril Hydrochloride and Hydrochlorothiazide,"Glenmark Generics Inc., USA"
511,Golden Sunshine Herbal,Topical Analgesic,"Nan Mei Pharmaceutical Co., Ltd."
512,Spasmodic Cough,DROSERA ROTUNDIFOLIA,Natural Health Supply
513,Cyclophosphamide,Cyclophosphamide,"Roxane Laboratories, Inc"
514,Antihistimine Allergy,DIPHENHYDRAMINE HYDROCHLORIDE,P and L Development of New York Company
515,Cyclobenzaprine Hydrochloride,Cyclobenzaprine Hydrochloride,State of Florida DOH Central Pharmacy
516,Formica Stibium comp. Special Order,Formica Stibium comp. Special Order,Uriel Pharmacy Inc.
517,Trelstar,triptorelin pamoate,"Actavis Pharma, Inc."
518,Zinc Oxide,Zinc Oxide,Dynarex Corporation
519,Mafenide acetate,Mafenide acetate,"Par Pharmaceutical Companies, Inc."
520,Amidate,Etomidate,"General Injectables and Vaccines, Inc."
521,Phenytoin Sodium,phenytoin sodium,Bryant Ranch Prepack
522,BB fit Perfect 24 BB 02,"Titanium Dioxide, OCTINOXATE, Zinc Oxide","TONYMOLY CO., LTD."
523,SHRIMP,Shrimp,"ALK-Abello, Inc."
524,LAMICTAL,lamotrigine,Rebel Distributors Corp
525,Gabapentin,Gabapentin,"Blenheim Pharmacal, Inc."
526,VIIBRYD,vilazodone hydrochloride,"Forest Laboratories, Inc."
527,Alprazolam,Alprazolam,Aurobindo Pharma Limited
528,Rock Water,Rock water,Apotheca Company
529,Dopamine Hydrochloride and Dextrose,DOPAMINE HYDROCHLORIDE,"Hospira, Inc."
530,Levonorgestrel,Next Choice One Dose,"Watson Pharma, Inc."
531,Holiday Elegance,Triclosan,Triz Laboratories Ltd.
532,Fruit Smoothies,"Dimethicone, Octinoxate, and Oxybenzone",Blistex Inc.
533,care one sinus,"Acetaminophen, Phenylephrine HCl",American Sales Company
534,Pleo Nig,aspergillus niger,Sanum Kehlbeck GmbH & Co. KG
535,Menstrual Pain Relief,"Acetaminophen, Pamabrom and Pyrilamine maleate","DOLGENCORP, LLC"
536,ARIXTRA,fondaparinux sodium,GlaxoSmithKline LLC
537,Hydroxychloroquine Sulfate,Hydroxychloroquine Sulfate,REMEDYREPACK INC.
538,Cymbalta,Duloxetine hydrochloride,St Marys Medical Park Pharmacy
539,Misoprostol,Misoprostol,"Pharmacist Pharmaceutical, LLC"
540,ORTHO GUARD,SODIUM FLUORIDE,Massco Dental A Division of Dunagin Pharmaceuticals
541,GRAPHITES,GRAPHITE,Remedy Makers
542,SNAIL THERAPY PACT,"TITANIUM DIOXIDE, ZINC OXIDE","NATURE REPUBLIC CO., LTD."
543,Tradjenta,linagliptin,"Boehringer Ingelheim Pharmaceuticals, Inc."
544,ACNEFORCE,"Berberis vulgaris, Cimicifuga racemosa, Hydrocotyle asiatica, Lappa major, Belladonna, Calcarea carbonica, Causticum, Eugenia jambosa,",Apotheca Company
545,MORISU,HYALURONIC ACID,KIT Living Science of Kyungnam College University of Information & Technology
546,healthy accents cold and allergy,"phenylephrine hcl, brompheniramine maleate",DZA Brands LLC
547,BLACK OLIVE,Olive,"ALK-Abello, Inc."
548,LYM D,"Chelidonium majus, Echinacea (angustifolia), Hydrastis canadensis, Nasturtium aquaticim, Taraxacum officinale, Trifolium pratense, Urtica dioica,","BioActive Nutritional, Inc."
549,Diclofenac Potassium,Diclofenac Potassium,Sandoz Inc
550,Enoxaparin Sodium,Enoxaparin sodium,"Amphastar Pharmaceuticals, Inc."
551,Quack Grass,Quack Grass,"Nelco Laboratories, Inc."
552,BUSPIRONE HYDROCHLORIDE,BUSPIRONE HYDROCHLORIDE,Direct Rx
553,Gallbladder Formula,"Barber vulgaris, Bryonia, Carduus marianus, Chelidonium majus, Cholesterinum, Cinchona officinalis, Colocynthis, Dioscorea villosa, Lycopodium clavatum, Natrum sulphuricum",King Bio Inc.
554,nite time,"Acetaminophen, Dextromethorphan Hydrobromide, Doxylamine Succinate",Publix Super Markets Inc
555,Pepto-Bismol To Go,Bismuth subsalicylate,Procter & Gamble Manufacturing Company
556,Technetium Tc99m Generator,TECHNETIUM TC-99M SODIUM PERTECHNETATE,Medi-Physics Inc.
557,Glyburide and Metformin Hydrochloride,Glyburide and Metformin Hydrochloride,"CorePharma, LLC"
558,Calcium Antacid,Calcium Carbonate,"A&Z Pharmaceutical, Inc."
559,365 Everyday Value Be Well Cough Ease for Kids,"ANTIMONY POTASSIUM TARTRATE, BRYONIA ALBA ROOT, PROTORTONIA CACTI, DROSERA ROTUNDIFOLIA, IPECAC, PULSATILLA VULGARIS, RUMEX CRISPUS ROOT, PONGIA OFFICINALIS SKELETON, ROASTED, LOBARIA PULMONARIA","WFM Private Label, LP"
560,FLUPHENAZINE HYDROCHLORIDE,FLUPHENAZINE HYDROCHLORIDE,REMEDYREPACK INC.
561,Cyclobenzaprine Hydrochloride,Cyclobenzaprine Hydrochloride,REMEDYREPACK INC.
562,itch relief,"Diphenhydramine Hydrochloride, Zinc Acetate",H E B
563,Aromafields Plumeria Scented Antibacterial Hand Wash,TRICLOSAN,Enchante Accessories
564,Risperidone,Risperidone,Ratiopharm Inc
565,Terrasil Cold Sore Treatment,"Allantoin, Benzalkonium Chloride","Aidance Skincare & Topical Solutions, LLC"
566,Tencon,butalbital and acetaminophen,"International Ethical Labs, Inc."
567,Ketotifen Fumarate,Ketotifen Fumarate,Walgreens
568,Renewal Eczema Moisturizing,Colloidal Oatmeal,Rite Aid Corporation
569,Instant Hand Sanitizer Convenience Pack,ALCOHOL,Harmon Stores Inc
570,ACTIQ,fentanyl citrate,"Cephalon, Inc."
571,Lym D,"Chelidonium Majus, Echinacea, Hydrastis Canadensis, Nasturtium Aquaticum, Taraxacum Officinale, Trifolium Pratense","BioActive Nutritional, Inc."
572,Paroxetine,Paroxetine,REMEDYREPACK INC.
573,Glyburide,Glyburide,American Health Packaging
574,DAILY ESSENTIAL MOISTURISER,"Homosalate, Octisalate, Avobenzone, Octocrylene, Oxybenzone",INTERNATIONAL WATERS PTY. LTD.
575,Rue 21 Asian Spice Anti-Bacterial Hand Sanitizer,Alcohol,ALILY (ZHANGZHOU) BATH PRODUCTS LTD.
576,flormar REBORN BB SUNSCREEN BROAD SPECTRUM SPF 30 CP13 Nude Ivory,OCTINOXATE,Kosan Kozmetik Sanayi ve Ticaret A.S.
577,LivRelief,Capsicum,LivCorp Inc.
578,nighttime,"Acetaminophen, Dextromethorphan HBr, Doxylamine succinate",CVS Pharmacy
579,Ciprofloxacin,Ciprofloxacin,West-Ward Pharmaceutical Corp
580,LIFT LUMIERE,OCTINOXATE and TITANIUM DIOXIDE,CHANEL PARFUMS BEAUTE
581,Tramadol Hydrochloride,Tramadol Hydrochloride,"Life Line Home Care Services, Inc."
582,PARAID Extra Strength Menthol Pain Relief Sleeve KNEE Large Ankles Elbows,MENTHOL,"Planet (Suzhou) Medical Products Co., Ltd."
583,Burn Relief,Lidocaine,Cardinal Health
584,Mycophenolic Acid,mycophenilic acid,Mylan Pharmaceuticals Inc.
585,Theophylline,Theophylline,"Physicians Total Care, Inc."
586,Relax Sanitizing Towlette,BENZALKONIUM CHLORIDE,GIOVANNI COSMETICS INC
587,ETODOLAC,etodolac,RedPharm Drug Inc.
588,Meijer Honey Lemon Cough Drops,MENTHOL,"Meijer Distribution, Inc"
589,Hand Gel Prolim Instant Hand Sanitizer,Alcohol,Prolim Quimica Avancada Ltda.
590,Ergotamine Tartrate and Caffeine,Ergotamine Tartrate and Caffeine,KAISER FOUNDATION HOSPITALS
591,Morphine Sulfate,MORPHINE SULFATE,"Hospira, Inc."
592,Pro1tek Antiseptic Foam Hand Sanitizer,BENZALKONIUM CHLORIDE,Priority Environmental Solutions
593,Brintellix,vortioxetine,"Takeda Pharmaceuticals America, Inc."
594,Alprazolam,alprazolam,"Golden State Medical Supply, Inc."
595,Softlips Pearl Gloss,"Dimethicone, Octinoxate",The Mentholatum Company
596,Heparin Sodium,Heparin Sodium,Pfizer Laboratories Div Pfizer Inc
597,Bicalutamide,Bicalutamide,"AvKARE, Inc."
598,Good Neighbor Pharmacy Acid Control,Ranitidine,Amerisource Bergen
599,Skin So Soft Fresh and Smooth,aluminum zirconium pentachlorohydrate,"Avon Products, Inc."
600,RHUBARB,rhubarb,"Allergy Laboratories, Inc."
601,Sheer Defense Tinted Moisturizer SPF 15 ML 30,"Octinoxate, Titanium Dioxide","Merle Norman Cosmetics, Inc."
602,Pulmozyme,dornase alfa,"Genentech, Inc."
603,Lamb Quarters,Lamb Quarters,"Nelco Laboratories, Inc."
604,Meclizine HCl,Meclizine HCl,"Preferred Pharmaceuticals, Inc."
605,Sterile Vancomycin Hydrochloride,Vancomycin Hydrochloride,Rebel Distributors Corp
606,Cisatracurium Besylate,cisatracurium besylate,Sagent Pharmaceuticals
607,Ipecac,"Ipecacuanha,",Apotheca Company
608,Allium Cepa Kit Refill,ONION,Washington Homeopathic Products
609,ControlRx,sodium fluoride,3M ESPE Dental Products
610,Bisoprolol Fumarate and Hydrochlorothiazide,Bisoprolol Fumarate and Hydrochlorothiazide,"Eon Labs, Inc."
611,Tetracycline Hydrochloride,Tetracycline Hydrochloride,STAT Rx USA LLC
612,SINGULAIR,montelukast sodium,Lake Erie Medical & Surgical Supply DBA Quality Care Products LLC
613,Waterless Aloe Scented Hand Sanitizer,ALCOHOL,Family Dollar Services Inc.
614,Bite Beauty,"Octinoxate, Oxybenzone",Susanne Lang Fragrance Inc.
615,Bupropion Hydrochloride,Bupropion Hydrochloride,Sandoz Inc
616,Bengay Arthritis Pain Relieving,Menthol and Methyl Salicylate,"Johnson & Johnson Consumer Products Company, Division of Johnson & Johnson Consumer Companies, Inc."
617,CVS Pharmacy,Undecylenic Acid,CVS Pharmacy
618,Maximum Strength Medicated Foot Powder,Medicated Foot Powder,Target Corporation
619,Dicloxacillin Sodium,Dicloxacillin Sodium,"PD-Rx Pharmaceuticals, Inc."
620,Bodycology,Ethyl Alcohol,Landy International
621,ARRID XX Extra Extra Dry Invisible Solid,Aluminum Zirconium Tetrachlorohydrex Gly,"Church & Dwight Co., Inc."
622,PDI Alcohol Prep Pad Sterile,Alcohol,"Professional Disposables International, Inc."
623,Hydrocortisone,Hydrocortisone,"Preferred Pharmaceuticals, Inc"
624,Haloperidol,Haloperidol,Clinical Solutions Wholesale
625,Arnica Active,"arnica montana, calendula officinalis flowering top, hypericum perforatum and symphytum officinale whole",Similasan Corporation
626,Ciprofloxacin Hydrochloride,Ciprofloxacin Hydrochloride,REMEDYREPACK INC.
627,Povidone-Iodine Prep Swabsticks,povidone-iodine,Triad Group
628,FACE IT RADIANCE POWDER PACT SPF25 MOISTURE VEIL NB23,"OCTINOXATE, TITANIUM DIOXIDE, ZINC OXIDE","THEFACESHOP CO., LTD"
629,Fluoxetine,Fluoxetine,"MedVantx, Inc."
630,prenate essential,"- ascorbic acid, cholecalciferol, .alpha.-tocopherol, dl-, pyridoxine hydrochloride, folic acid, cyanocobalamin, biotin, calcium carbonate, ferrous fumarate, potassium iodide, magnesium oxide, doconexent and icosapent","Avion Pharmaceuticals, LLC"
631,Naropin,ROPIVACAINE HYDROCHLORIDE,"Fresenius Kabi USA, LLC"
632,Acetaminophen And Codeine,acetaminophen and codeine phosphate,Qualitest Pharmaceuticals
633,Junior Pain Relief,Acetaminophen,WALGREEN CO.
634,Hydromorphone Hydrochloride,Hydromorphone Hydrochloride,"Lannett Company, Inc."
635,Bumetanide,Bumetanide,Lake Erie Medical DBA Quality Care Products LLC
636,PERTZYE,pancrelipase,"Digestive Care, Inc."
637,Selegiline Hydrochloride,Selegiline Hydrochloride,"Libertas Pharma, Inc."
638,OXYGEN,OXYGEN,"Allen Medical, Inc"
639,PORK,pork,"Allergy Laboratories, Inc."
640,Childrens Cetirizine Hydrochloride Allergy,Cetirizine Hydrochloride,Aurobindo Pharma Limited
641,Montelukast Sodium,Montelukast Sodium,Greenstone LLC
642,Stay Awake,Caffeine,HyVee Inc
643,Oscillococcinum,CAIRINA MOSCHATA HEART/LIVER AUTOLYSATE,Laboratoires Boiron
644,Secret Scent Expressions,Aluminum Zirconium Tetrachlorohydrex Gly,Procter & Gamble Manufacturing Co.
645,Bupropion Hydrochloride,Bupropion Hydrochloride,Bryant Ranch Prepack
646,Omeprazole,Omeprazole,Proficient Rx LP
647,RG Sport Inv.Solid Antiperspirant Deodorant Cool,Aluminum Zirconium Pentachlorohydrex Gly,The Dial Corporation
648,Naproxen Sodium,Naproxen Sodium,"Blenheim Pharmacal, Inc."
649,CLEOCIN PHOSPHATE,clindamycin phosphate,"General Injectables & Vaccines, Inc"
650,Calcium Acetate,Calcium Acetate,"Camber Pharmaceuticals, Inc."
651,Califlora,Calendula officinalis,Natures Way Holding Co.
652,Pro Therapy MD,"Homosalate, Octinoxate, Octocrylene, and Zinc oxide",Valeant Pharmaceuticals North America LLC
653,SKIN ERUPTIONS 7,BACILLUS ANTHRACIS IMMUNOSERUM RABBIT,Natural Health Supply
654,CHERRY,Cherry,"ALK-Abello, Inc."
655,Buspirone Hydrochloride,Buspirone Hydrochloride,"NCS HealthCare of KY, Inc dba Vangard Labs"
656,L DOPA,not applicable,"BioActive Nutritional, Inc."
657,FORTAZ,ceftazidime,"Covis Pharmaceuticals, Inc."
658,TUMS,calcium carbonate,GlaxoSmithKline Consumer Heathcare LP
659,Sugar Free Cherry Fishermans Friend Menthol Cough Suppressant,Menthol,"Lofthouse of Fleetwood, Ltd."
660,Synthroid,Levothyroxine Sodium,AbbVie Inc.
661,Scrub,Povidone-Iodine,"Medline Industries, Inc."
662,Beautipharm All Day Moisturizing Balm,Sunscreen,Linde Eckstein GmbH + Co. KG
663,Morphine Sulfate,Morphine Sulfate,Par Pharmaceutical Inc.
664,Azelastine Hydrochloride,azelastine hydrochloride,"Physicians Total Care, Inc."
665,Triple Flu Defense,"Alianthus, Ana barbariae, Arsenicum album, Byronia, Eucalyptus, Eupatorium perfoliatum, Gelsemium, Glycerinum, Influenzinum, Mercurius vivus, Phytolacca, Sticta pulmonaria","Nenningers Naturals, LLC"
666,ACETAMINOPHEN AND CODEINE,Acetaminophen and Codeine Phosphate,"Mutual Pharmaceutical Company, Inc."
667,Slender Ragweed Pollen,Ambrosia tenuifolia,"Allermed Laboratories, Inc."
668,cilostazol,cilostazol,Apotex Corp.
669,Speed Stick,Aluminum zirconium tetrachlorohydrex gly,Colgate-Palmolive Company
670,RoC Brilliance,"Avobenzone, Homosalate, and Octocrylene","Johnson & Johnson Consumer Products Co., Division of Johnson & Johnson Consumer Companies, Inc."
671,Zonisamide,Zonisamide,"Eon Labs, Inc."
672,SPAI-SONS,SULFUR,SPAI-SONS PHARAMCUETICAL INTERNATIONAL COSMETICS
673,Methylprednisolone,Methylprednisolone,"JUBILANT CADISTA PHARMACEUTICALS, INC."
674,Cephalexin,Cephalexin,AvPAK
675,Mouse Epithelium,Mouse Epithelium,"Nelco Laboratories, Inc."
676,Light Skin Defense Concealer Broad Spectrum SPF 15,"Octinoxate, Octisalate, Oxybenzone",Jafra Cosmetics International Inc
677,"Pollens - Weeds and Garden Plants, Russian Thistle Salsola kali",Russian Thistle Salsola kali,Jubilant HollisterStier LLC
678,BABOR HSR Glamour Lifting,Millet Seed,"Babor Cosmetics America, Corp."
679,ESIKA Extreme Moisturizing SPF 16,Octinoxate and Oxybenzone,Ventura Corporation LTD
680,Warfarin Sodium,Warfarin Sodium,"Golden State Medical Supply, Inc."
681,12 hour nasal decongestant,Pseudoephedrine Hydrochloride,Safeway
682,Tolterodine Tartrate,Tolterodine Tartrate,Teva Pharmaceuticals USA Inc
683,"Molds, Rusts and Smuts, Aspergillus fumigatus",Aspergillus fumigatus,Jubilant HollisterStier LLC
684,Humco Gentian Violet 2%,Gentian Violet 2%,"Humco Holding Group, Inc."
685,Quinapril Hydrochloride and Hydrochlorothiazide,Quinapril Hydrochloride and Hydrochlorothiazide,Camber Pharmaceuticals
686,Doxycycline Hyclate,Doxycycline Hyclate,"Physicians Total Care, Inc."
687,Apiol,Apiolum,"Deseret Biologicals, Inc."
688,AllergyEase Weather Changes,"Alumen, Benzoicum acidum, Cadmium sulphuricum, Chelidonium majus, Colchicum autumnale, Dulcamara, Hypothalamus, Manganum aceticum, Mercurius solubilis, Natrum muriaticum, Nitricum acidum, Phosphorus, Ranunculus bulbosus, Rhododendron chrysanthum, Thyroidinum","Native Remedies, LLC"
689,DOXOrubicin Hydrochloride,DOXOrubicin Hydrochloride,Sun Pharmaceutical Industries Limited
690,Pain and Fever,Acetaminophen,Walgreens
691,EUCALYPTUS GLOBULUS POLLEN,Eucalyptus,"ALK-Abello, Inc."
692,VITALUMIERE AQUA,"OCTINOXATE, TITANIUM DIOXIDE",CHANEL PARFUMS BEAUTE
693,Aspergillus flavus,Aspergillus flavus,"Nelco Laboratories, Inc."
694,CLENZIDERM THERAPEUTIC,BENZOYL PEROXIDE,"OMP, INC."
695,Cefepime Hydrochloride,Cefepime Hydrochloride,Sandoz Inc
696,Escitalopram,Escitalopram Oxalate,BluePoint Laboratories
697,Good Sense Pain Relief,Acetaminophen,L. Perrigo Company
698,CARBAMAZEPINE,CARBAMAZEPINE,Torrent Pharmaceuticals Limited
699,XELJANZ,TOFACITINIB CITRATE,U.S. Pharmaceuticals
700,Good Neighbor Pharmacy,Loratadine,AmerisourceBergen
701,Clobetasol Propionate,Clobetasol Propionate,"Preferred Pharmaceuticals, Inc"
702,Ethosuximide,Ethosuximide,VersaPharm Incorporated
703,BUPROPION HYDROCHLORIDE,bupropion hydrochloride,"Par Pharmaceutical, Inc."
704,Topiramate,Topiramate,Aurobindo Pharma Limited
705,Oxygen,Oxygen,"PhilCare Home Medical Equipment, Inc."
706,BENAZEPRIL HYDROCHLORIDE,Benazepril hydrochloride,"Trigen Laboratories, Inc."
707,simply right Night Time,"acetaminophen, dextromethorphan hydrobromide and doxylamine succinate",Sam's West Inc
708,Brazil Nut,Brazil Nut,"Nelco Laboratories, Inc."
709,EQUALINE,ETHYL ALCOHOL,SUPERVALU INC.
710,Hydralazine Hydrochloride,Hydralazine Hydrochloride,Camber Pharmaceuticals
711,Carvedilol,Carvedilol,Unit Dose Services
712,Levetiracetam,Levetiracetam,Unit Dose Services
713,Griseofulviin (microsize),Griseofulvin (microsize),Rebel Distributors Corp
714,Plasmanate,Plasma Protein Fraction (Human),"GRIFOLS USA, LLC"
715,Jantoven,Warfarin Sodium,"Upsher-Smith Laboratories, Inc."
716,Povidone Iodine Plus,povidone-iodine,"H and P Industries, Inc. dba Triad Group"
717,Bupropion Hydrochloride,bupropion hydrochloride,Jubilant Cadista Pharmaceuticals Inc.
718,Promethazine Hydrochloride,Promethazine Hydrochloride,"PD-Rx Pharmaceuticals, Inc."
719,aspirin,Aspirin,Publix Super Markets Inc
720,Sesame,Sesame,"Nelco Laboratories, Inc."
721,Flu Relief Therapy Night Time,Theraflu Nighttime,"Dolgencorp, Inc."
722,Prednisone,PREDNISONE,State of Florida DOH Central Pharmacy
723,Fludarabine Phosphate,Fludarabine Phosphate,Sandoz Inc
724,Complete Beauty,"Octinoxate, Zinc Oxide",American Sales Co
725,Menadione,"Menadione,",Apotheca Company
726,Mickey Sun Smacker SPF 24 Classic Sherbet,"OCTINOXATE, OXYBENZONE, PADIMATE O",Bonne Bell LLC
727,Prenatabs FA,"Beta carotene, cholecalciferol, dl-alpha tocopheryl acetate, ascorbic acid, folic acid, thiamin mononitrate, riboflavin, niacinamide, pyridoxine hydrochloride, cyanocobalamin, calcium carbonate, potas","Cypress Pharmaceutical, Inc."
728,SUPREME SKINPIA 10 SUN BLOCK,"Octinoxate, Zinc Oxide, Titanium Dioxide","EBAIN Corporation Co., Ltd."
729,Terazol 3,TERCONAZOLE,Ortho-McNeil-Janssen Pharmaceutical
730,Captopril,Captopril,Bryant Ranch Prepack
731,Lovastatin,Lovastatin,Mylan Pharmaceuticals Inc.
732,Han-I-Foam,ALCOHOL,Momar Incorporated
733,Lovastatin,Lovastatin,REMEDYREPACK INC.
734,Egg White,Egg White,"Nelco Laboratories, Inc."
735,Mucus Relief D,"Guaifenesin, Pseudoephedrine HCl",WALGREEN CO.
736,Allergy and Stuffy Nose,Chlorpheniramine Maleate and Phenylephrine Hydrochloride,"Accudial Pharmaceutical, Inc."
737,Childrens Mapap,Acetaminophen,Meijer
738,Tree Mixture,Tree Mixture,"Antigen Laboratories, Inc."
739,vancomycin hydrochloride,vancomycin hydrochloride,"Alvogen, Inc."
740,Nabumetone,Nabumentone,Lake Erie Medical DBA Quality Care Products LLC
741,Topcare Lubricating Plus,carboxymethylcellulose sodium,Topco Associates LLC
742,babies r us childrens pain relief,Acetaminophen,"Toys""R""Us, Inc."
743,Metronidazole,METRONIDAZOLE,REMEDYREPACK INC.
744,Nighttime Sleep Aid,Diphenhydramine HCl,McKesson (Health Mart)
745,ZELAPAR,SELEGILINE HYDROCHLORIDE,Valeant Pharmaceuticals North America LLC
746,CD DIORSKIN NUDE SKIN-GLOWING MAKEUP SUNSCREEN BROAD SPECTRUM SPF 15 031 Sand,"OCTINOXATE, TITANIUM DIOXIDE",Parfums Christian Dior
747,Metoprolol Tartrate,Metoprolol Tartrate,REMEDYREPACK INC.
748,Carisoprodol,Carisoprodol,Cardinal Health
749,H-Balm Control,"CALENDULA OFFICINALIS FLOWERING TOP, ECHINACEA, SODIUM CHLORIDE, and THUJA OCCIDENTALIS LEAFY TWIG",Forces of Nature
750,Acyclovir,acyclovir,"Golden State Medical Supply, Inc."
751,ATACAND,Candesartan cilexetil,AstraZeneca LP
752,XtraCare Hand Sanitizer,Ethyl Alcohol,China Ningbo Shangge Cosmetic Technology Corp
753,ReCreate Foundation,"Octinoxate, Octisalate, and Oxybenzone",Tarte Inc
754,BETHANECHOL CHLORIDE,BETHANECHOL CHLORIDE,Rising Pharmaceuticals Inc.
755,CLONAZEPAM,CLONAZEPAM,DIRECT RX
756,Hydrocortisone Maximum Strength Plus 12 Moisturizers,Hydrocortisone,Fred's Inc.
757,Donepezil hydrochloride,Donepezil hydrochloride,"NCS HealthCare of KY, Inc dba Vangard Labs"
758,Prednisone,Prednisone,REMEDYREPACK INC.
759,Oxygen,Oxygen,"Dressel Welding Supply, Inc."
760,Suphedrine PE Sinus and Allergy,Chlorpheniramine maleate and Phenylephrine HCl,ARMY AND AIR FORCE EXCHANGE SERVICE
761,Naproxen,Naproxen,"AvKARE, Inc."
762,Amlodipine Besylate and Benazepril Hydrochloride,Amlodipine Besylate and Benazepril Hydrochloride,"Physicians Total Care, Inc."
763,NARS Pure Radiant Tinted Moisturizer,Octinoxate and Titanium Dioxide,NARS COSMETICS
764,IBUPROFEN,IBUPROFEN,Direct Rx
765,DONEPEZIL HYDROCHLORIDE,DONEPEZIL HYDROCHLORIDE,"Accord Healthcare, Inc."
766,Watermelon,Watermelon,"Nelco Laboratories, Inc."
767,Oxygen,Oxygen,Star Weld
768,M EROS LIQUID,GLYCERIN,MEGASOL COSMETIC GMBH
769,Mucor plumbeus,Mucor plumbeus,"Nelco Laboratories, Inc."
770,Tretin-X,tretinoin,"Triax Pharmaceuticals, LLC"
771,Olay Regenerist Luminous Brightening and Protecting,"Avobenzone, Homosalate, Octisalate, and Octocrylene",Procter & Gamble Manufacturing Company
772,Walgreens Aloe Vera Burn Relief,LIDOCAINE HYDROCHLORIDE,WALGREEN CO.
773,Gabapentin,Gabapentin,"Ascend Laboratories, LLC"
774,NICOTINE,nicotine,Walgreen Company
775,Duloxetine,Duloxetine,"AvKARE, Inc."
776,metformin hydrochloride,metformin hydrochloride,Major Pharmaceuticals
777,Metformin Hydrochloride,METFORMIN HYDROCHLORIDE,Nostrum Laboratories Inc.
778,Monilia,Monilia sitophila,"Allermed Laboratories, Inc."
779,NeoStrata Skin Active Matrix Support,"AVOBENZONE, OCTINOXATE, and OCTISALATE",NeoStrata Company Inc.
780,Spironolactone,spironolactone,Cardinal Health
781,VANCOMYCIN HYDROCHLORIDE,VANCOMYCIN HYDROCHLORIDE,AGILA SPECIALTIES PRIVATE LIMITED
782,Back and Neck Rescue,"Hypericum Perforatum, Phytolacca Decandra, Guaiacum, Ledum Palustre, Conium Maculatum","Peaceful Mountain, Inc."
783,Night Time Cold/Flu Relief Cherry,"Acetaminophen, Dextromethorphan HBr, Doxylamine succinate","Kareway Product, Inc."
784,TYLENOL with Codeine,acetaminophen and codeine phosphate,"Janssen Pharmaceuticals, Inc."
785,good sense pain relief,Acetaminophen,L Perrigo Company
786,Physostigmine Salicylate,Physostigmine Salicylate,Cardinal Health
787,Zolpidem Tartrate,Zolpidem Tartrate,Ranbaxy Pharmaceuticals Inc.
788,Bupropion Hydrochloride,Bupropion Hydrochloride,Aidarex Pharmaceuticals LLC
789,Horse Epithelium,Horse Epithelium,"Nelco Laboratories, Inc."
790,Bystolic,nebivolol hydrochloride,"Physicians Total Care, Inc."
791,Levonorgestrel,Levonorgestrel,"Novel Laboratories, Inc."
792,nicotine,Nicotine Polacrilex,Safeway
793,Diclofenac Sodium,Diclofenac Sodium,St Marys Medical Park Pharmacy
794,Tegretol,carbamazepine,Novartis Pharmaceuticals Corporation
795,Artists Touch BB 02 Medium,"Titanium Dioxide, Zinc Oxide, Octinoxate, Octisalate","Inel Cosmetics Co., Ltd."
796,Folic Acid,Folic Acid,"Physicians Total Care, Inc."
797,Nitrofurantoin (monohydrate/macrocrystals),Nitrofurantoin (monohydrate/macrocrystals),RedPharm Drug Inc.
798,Fentanyl Citrate,Fentanyl Citrate,Cantrell Drug Company
799,Good Neighbor Mineral Oil Laxative,mineral oil,Amerisource Bergen
800,phoslo,Calcium Acetate,Cardinal Health
801,bisoprolol fumarate and hydrochlorothiazide,bisoprolol fumarate and hydrochlorothiazide,"Unichem Pharmaceuticals (USA), Inc."
802,Furosemide,furosemide,"Physicians Total Care, Inc."
803,Smart Sense Cold and Hot Extra Strength Medicated,Menthol,Kmart Corporation
804,Levofloxacin,Levofloxacin,"Hi-Tech Pharmacal Co., Inc."
805,Lidocaine Hydrochloride,LIDOCAINE HYDROCHLORIDE,Cardinal Health
806,Allergy RELIEF,ONION - CAUSTICUM - EUPHRASIA STRICTA - SODIUM CHLORIDE - WYETHIA HELENIOIDES ROOT -,"Homeostasis Laboratories, Inc."
807,Metronidazole,Metronidazole,STAT Rx USA LLC
808,Phenazopyridine Hydrochloride,Phenazopyridine,"AvKARE, Inc."
809,Topical 60 Sec Sodium Fluoride,Sodium Fluoride,Patterson Dental Supply Inc
810,Neutrogena Ultra Gentle Soothing,"Avobenzone, Octinoxate, and Octisalate",Neutrogena Corporation
811,Exchange Select Sunscreen,AVOBENZONE,ARMY AND AIR FORCE EXCHANGE SERVICE
812,Aspergillus niger,Aspergillus niger,"Antigen Laboratories, Inc."
813,ATTITUDE,ZINC OXIDE,Bio Spectra
814,KOCHIA SCOPARIA POLLEN,Kochia Firebush,"ALK-Abello, Inc."
815,Clonazepam,Clonazepam,McKesson Contract Packaging
816,Hydralazine Hydrochloride,HYDRALAZINE HYDROCHLORIDE,"Fresenius Kabi USA, LLC"
817,Diabetes,"Arg. met., Arsenicum alb, Aur. met., Bovista, Bryonia, Chelidonium majus, Chionanthus virginica, Gaultheria procumbens, Helonias dioica, Iris versicolor, Lycopodium, Nux vom, Phosphorus, Rhus toxicodendron, Sabal, Syzygium, Cynara, Echinacea, Iris versicolor, Thuja occ., Urtica ur","Newton Laboratories, Inc."
818,Athomer baby,Athomer,PHARMACOSMETIC-DIAFARM
819,Quazepam,QUAZEPAM,Bryant Ranch Prepack
820,Daytime Cold and Flu Relief,"Acetaminophen, Dextromethorphan Hydrobromide, Phenylephrine Hydrochloride",EQUALINE (SuperValu)
821,Stool Softener,DOCUSATE SODIUM,Preferred Plus (Kinray)
822,"Molds, Rusts and Smuts, Mucor racemosus",Mucor racemosus,Jubilant HollisterStier LLC
823,Nicotine,Nicotine Polacrilex,Walgreen Company
824,Amlodipine Besylate,Amlodipine Besylate,Camber Pharmaceuticals
825,Coppertone UltraGuard,"Avobenzone, Homosalate, Octisalate, Octocrylene, and Oxybenzone","MSD Consumer Care, Inc."
826,Cefadroxil,Cefadroxil,NorthStar Rx LLC
827,Atenolol,Atenolol,"Med-Health Pharma, LLC"
828,Appeal Antibac,Triclosan,"Deb USA, Inc."
829,Fexofenadine Hydrochloride,Fexofenadine Hydrochloride,"Physicians Total Care, Inc."
830,Zolpidem Tartrate,Zolpidem Tartrate,Dr. Reddy's Laboratories Limited
831,12 hour decongestant,Pseudoephedrine Hydrochloride,Meijer Distribution Inc
832,buprenorphine hydrochloride,buprenorphine hydrochloride,REMEDYREPACK INC.
833,Halls,Menthol,Mondelez Global LLC
834,Nutrilyte,Multi-Electrolyte,"American Regent, Inc."
835,Ranitidine,Ranitidine,Aidarex Pharmaceuticals LLC
836,expectorant cough,"Dextromethorphan hbr, Guaifenesin",Western Family Foods Inc
837,Pain Relieving Patch,Menthol,Walgreen Co.
838,Fluocinonide,Fluocinonide,A-S Medication Solutions LLC
839,Good Sense Miconazole 3,Miconazole nitrate,L Perrigo Company
840,MEGACE,MEGESTROL ACETATE,"E.R. Squibb & Sons, L.L.C."
841,White Birch,White Birch,"Antigen Laboratories, Inc."
842,ZONISAMIDE,ZONISAMIDE,WOCKHARDT USA LLC.
843,Purminerals 4 in 1 Makeup SPF 15 Light,Titanium Dioxide,PURMINERALS
844,Perindopril Erbumine,Perindopril Erbumine,"Lupin Pharmaceuticals, Inc"
845,Verapamil Hydrochloride,Verapamil Hydrochloride,"PD-Rx Pharmaceuticals, Inc."
846,OXYGEN,OXYGEN,"AIRSERVE, LLC"
847,Right Guard Sport Fresh Invisible Solid Antiperspirant and Deodorant,Aluminum Zirconium Trichlorohydrex Gly,The Dial Corporation
848,Quinine Sulfate,quinine sulfate,Mylan Pharmaceuticals Inc.
849,Antibacterial Foaming Hand Sanitizer,Benzalkonium chloride,"Jets, Sets, & Elephants Beauty Corp."
850,ZERIT,stavudine,State of Florida DOH Central Pharmacy
851,Fulton Street Market Cetirizine Hydrochloride,Cetirizine Hydrochloride,Access Business Group LLC
852,Dimenhydrinate,Dimenhydrinate,Qualitest Pharmaceuticals
853,Lansoprazole,lansoprazole,McKesson Packaging Services a business unit of McKesson Corporation
854,Relax,"Histaminum hydrochloricum, Dopamine, Kidney, L-theanine, Penylethylamine hydrochloricum,",Apotheca Company
855,Benazepril Hydrochloride,Benazepril Hydrochloride,St Marys Medical Park Pharmacy
856,Hydroxyzine Hydrochloride,hydroxyzine hydrochloride,"Physicians Total Care, Inc."
857,CEFTRIAXONE,CEFTRIAXONE,REMEDYREPACK INC.
858,Bactine Original First Aid,BENZALKONIUM CHLORIDE and LIDOCAINE HYDROCHLORIDE,"Bayer HealthCare LLC, Consumer Care"
859,FLUVIRIN,"INFLUENZA A VIRUS A/CALIFORNIA/7/2009 X-181 (H1N1) HEMAGGLUTININ ANTIGEN (PROPIOLACTONE INACTIVATED), INFLUENZA A VIRUS A/VICTORIA/210/2009 X-187 (H3N2) HEMAGGLUTININ ANTIGEN (PROPIOLACTONE INACTIVATE",Novartis Vaccines and Diagnostics Limited
860,Levetiracetam,Levetiracetam,"Lupin Pharmaceuticals, Inc."
861,FRAXINUS AMERICANA POLLEN,White Ash,"ALK-Abello, Inc."
862,Hydrocortisone and Acetic Acid,Hydrocortisone and Acetic Acid,"Hi-Tech Pharmacal Co., Inc."
863,COUMADIN,warfarin sodium,REMEDYREPACK INC.
864,Amoxicillin and Clavulanate Potassium,Amoxicillin and Clavulanate Potassium,A-S Medication Solutions LLC
865,Lavender Hand Sanitizer,ALCOHOL,Mangiacotti Floral LLC
866,Hemofil M,Antihemophilic Factor Human,Baxter Healthcare Corporation
867,Head and Shoulders 2in1,Pyrithione Zinc,Procter & Gamble Manufacturing Co.
868,Doxorubicin Hydrochloride,Doxorubicin Hydrochloride,Mylan Institutional LLC
869,POLY-TUSSIN,"Dextromethorphan Hydrobromide, Phenylephrine Hydrochloride, Chlorpheniramine Maleate","Poly Pharmaceuticals, Inc."
870,Pleo Poly Dx,streptococcus pneumoniae immunoserum rabbit and staphylococcus aureus immunoserum rabbit,Sanum Kehlbeck GmbH & Co. KG
871,Bupropion Hydrochloride,bupropion hydrochloride,"PD-Rx Pharmaceuticals, Inc."
872,Global Clean Instant Hand Sanitizer,alcohol,Tranzonic Companies
873,SEROQUEL,Quetiapine fumarate,AstraZeneca Pharmaceuticals LP
874,Levetiracetam,Levetiracetam,Clinical Solutions Wholesale
875,Donepezil Hydrochloride,Donepezil Hydrochloride,West-ward Pharmaceutical Corp
876,Acyclovir,Acyclovir,"DAVA Pharmaceuticals, Inc."
877,Dead Down Wind ScentPrevent,Aluminum Chlorohydrate,VVF Kansas Services LLC
878,Infectiguard Hand Sanitizer,ETHYL ALCOHOL,"Dr. Fresh, Inc."
879,IASO Triple Protection BB SPF 30 PA,adenosine,IASO Inc
880,Pain Relief,Acetaminophen,"Healthy Accents (DZA Brands, LLC)"
881,Aloetouch,Dimethicone,"Medline Industries, Inc."
882,Trazodone Hydrochloride,Trazodone Hydrochloride,Apotex Corp
883,mapap arthritis pain,Acetaminophen,Major Pharmaceuticals
884,Family Wellness Antifungal,Clotrimazole,Family Dollar
885,Solves - aspirin,Aspirin,Pace Wellness Inc.
886,Levothroid,LEVOTHYROXINE SODIUM,"Physicians Total Care, Inc."
887,String Beans,String Beans,"Nelco Laboratories, Inc."
888,Activase,Alteplase,"Genentech, Inc."
889,good neighbor pharmacy allergy,diphenhydramine hydrochloride,Amerisource Bergen
890,Dr. Berrys APOTHECARY Muscle and Joint Pain Therapy,"Hypericum, Capsicum Annuum, Arnica Montana","Nature's Innovation, Inc."
891,Pecan Nut,Pecan Nut,"Nelco Laboratories, Inc."
892,Acyclovir,Acyclovir,AvPAK
893,VaricoGo,"Aesculus hippocastanum, Arnica montana, Calcarea fluorica, Carduus marianus, Carbo vegetabilis, Collinsonia canadensis, Echinacea purpurea, Hamamelis virginiana, Lachesis mutus, Pulsatilla, Secale cornutum","Native Remedies, LLC"
894,CODFISH,Codfish,"ALK-Abello, Inc."
895,Benazepril Hydrochloride,Benazepril Hydrochloride,Unit Dose Services
896,Nighttime Cold and Flu Relief,"ACETAMINOPHEN, DEXTROMETHORPHAN HYDROBROMIDE, DOXYLAMINE SUCCINATE",EQUALINE (SuperValu)
897,Risperidone,Risperidone,Sandoz Inc
898,Galantamine,Galantamine,Citron Pharma LLC
899,Pure Transformation Sheer Fair,Titanium Dioxide and Zinc Oxide,Bare Escentuals Beauty Inc.
900,dg health anti diarrheal,Loperamide Hydrochloride,"Dolgencorp, LLC"
901,Triadine,povidone-iodine,"H and P Industries, Inc. dba Triad Group"
902,Olanzapine,Olanzapine,"Physicians Total Care, Inc."
903,Zep Applaud Hand Cleaner,Triclosan,Zep Inc.
904,Systemic Detox,"Berberis vulgaris, Boldo, Chelidonium majus, Hydrastis canadensis, Lappa major, Taraxacum officinale, Trifolium pratense,",Apotheca Company
905,Tekturna,aliskiren hemifumarate,Novartis Pharmaceuticals Corporation
906,SNAYTOX,DIMETHICONE,"NATURE REPUBLIC CO., LTD."
907,Witch Hazel,WITCH HAZEL,Kmart Corporation
908,Maximum Strength Mucus Relief Severe Congestion and Cold Max,"Acetaminophen, Dextromethorphan HBr, Guaifenesin, Phenylephrine HCl",Rite Aid
909,Nutmeg,Nutmeg,"Nelco Laboratories, Inc."
910,River/Red Birch Pollen,Betula nigra,"Allermed Laboratories, Inc."
911,Antipyrine and Benzocaine,Antipyrine and Benzocaine,"Golden State Medical Supply, Inc."
912,Gemfibrozil,Gemfibrozil,A-S Medication Solutions LLC
913,Bambusa Argentum,Bambusa Argentum,Uriel Pharmacy Inc.
914,Bethanechol Chloride,Bethanechol Chloride,"AvKARE, Inc."
915,Cilostazol,Cilostazol,"Breckenridge Pharmaceutical, Inc."
916,careone ibuprofen pm,"Diphenhydramine citrate, Ibuprofen",American Sales Company
917,Ambien,zolpidem tartrate,A-S Medication Solutions LLC
918,Haloperidol Decanoate,Haloperidol Decanoate,"Teva Parenteral Medicines, Inc."
919,Earths Best Diaper Relief,Zinc Oxide,"The Hain Celestial Group, Inc"
920,ONDANSETRON HYDROCHLORIDE,ONDANSETRON HYDROCHLORIDE,REMEDYREPACK INC.
921,Varicose Veins - Phlebitis,"Elaps corallinus, Crotalus horridus, Bryonia, Calc. fluor., Carduus mar., Cholesterinum, Cinchona, Digitalis, Hamamelis, Hydrofluoricum acidum, Lachesis, Lycopodium, Naja, Pulsatilla, Vipera berus, Zinc. met., Aesculus hipp., Echinacea","Newton Laboratories, Inc."
922,Stye Eye Relief,"Conium maculatum 6X, Graphites 12X, Sulphur 12X",Similasan Corporation
923,Childrens Ibuprofen,Ibuprofen,CVS Pharmacy
924,pain relief pm,"Acetaminophen, Diphenhydramine HCl",Kroger Company
925,Sumatriptan Succinate,sumatriptan succinate,Sagent Pharmaceuticals
926,HYDROCODONE BITARTRATE AND ACETAMINOPHEN,HYDROCODONE BITARTRATE AND ACETAMINOPHEN,McKesson Contract Packaging
927,Motion Sickness Relief,Dimenhydrinate,Wal-Mart Stores Inc
928,JANUVIA,sitagliptin,"Physicians Total Care, Inc."
929,Clindamycin,CLINDAMYCIN PHOSPHATE,"Hospira, Inc."
930,GLIMEPIRIDE,GLIMEPIRIDE,STAT Rx USA LLC
931,Scopulariopsis,Scopulariopsis,"Antigen Laboratories, Inc."
932,allergy relief,Chlorpheniramine Maleate,CVS Pharmacy
933,Vicks NyQuil,"Acetaminophen, Dextromethorphan Hydrobromide, and Doxylamine succinate",Procter & Gamble Manufacturing Company
934,Moist SURE,Isopropyl Alcohol,DSHealthcare
935,Tamiflu,oseltamivir phosphate,"Physicians Total Care, Inc."
936,disposable,Povidone-iodine,CVS Pharmacy
937,Wing Scale Pollen,Atriplex canescens,"Allermed Laboratories, Inc."
938,Cefazolin,Cefazolin,Sandoz Inc
939,Lyrica,PREGABALIN,A-S Medication Solutions LLC
940,RANITIDINE,RANITIDINE,WOCKHARDT LIMITED
941,EYE - CATARACT,"Euphrasia Stricta, Spigelia Anthelmia, Bilberry, Arsenic Trioxide, Calcium Fluoride, Causticum, Gelsemium Sempervirens Root, Magnesium Carbonate, Mercurius Solubilis, Osmium, Phosphorus, Physostigma Venenosum Seed , Silicon Dioxide","Natural Creations, Inc."
942,Risperidone,risperidone,Mylan Pharmaceuticals Inc.
943,Ampicillin,Ampicillin Sodium,GC Hanford Manufacturing Company
944,Naturasil,Sulfur,"Nature's Innovation, Inc."
945,Immuno Compound Homeopathic Tonic,"ALFALFA,AVENA SATIVA FLOWERING TOP, OYSTER SHELL CALCIUM CARBONATE, CRUDE, GOLDENSEAL,SALIX NIGRA BARK","HRC Laboratories, Inc."
946,ZALEPLON,ZALEPLON,Aurobindo Pharma Limited
947,Premarin,conjugated estrogens,Cardinal Health
948,Forfivo,bupropion hydrochloride,"Edgemont Pharmaceuticals, LLC"
949,PreNexa,"Ascorbic Acid, tribasic calcium phosphate, ferrous fumarate, cholecalciferol, alpha-tocopherol, pyridoxine hydrochloride, folic acid, doconexent, and docusate sodium","Upsher-Smith Laboratories, Inc."
950,Promethazine DM,Promethazine DM,Stat Rx USA
951,SMART SENSE,"EUCALYPTOL, MENTHOL, METHYL SALICYLATE, THYMOL",KMART CORPORATION
952,Triple Complex Digestion Tonic,"Calc phos, Kali phos, Nat Phos","Native Remedies, LLC"
953,Orange Cinnamon Antibacterial Foaming Hand Wash,Triclosan,"SJ Creations, Inc."
954,Pain Reliever,Acetaminophen,Hannaford Brothers Company
955,Scab Ease Itch Relief,"Psorinum , Staphisagria , Viola tri",Feelgood Health
956,Acetaminophen,Acetaminophen,CVS Pharmacy
957,Pioglitazone,pioglitazone,Sandoz Inc
958,Cefuroxime Axetil,Cefuroxime Axetil,Wockhardt USA LLC.
959,OXYGEN,OXYGEN,Flint Welding Supply Company
960,Haloperidol,Haloperidol,State of Florida DOH Central Pharmacy
961,High Blood Pressure Chest Congestion and Cough,Dextromethorphan HBr and Guiafenesin,"Ilex Consumer Products Group, LLC"
962,OralLine Kids,SODIUM FLUORIDE,J.M. Murray Center Inc.
963,SHISEIDO SHEER AND PERFECT COMPACT (REFILL),"OCTINOXATE, OCTOCRYLENE, and TITANIUM DIOXIDE",SHISEIDO AMERICAS CORPORATION
964,Zohydro,hydrocodone bitartrate,"Zogenix, Inc."
965,Dex-Tuss,"Codeine Phosphate, Guaifenesin","Cypress Pharmaceutical, Inc."
966,Seretin,"Anacard or, Avena, Aur met, Calc Carb, Carpinis betelus, flos, Cimicifuga, Cinchona, Hypericum, Ignatia, Kali brom, Larix, flos, Nat carb, Nat sulphuricum, Phosphoricum ac, Phosphorus, Pulsatilla, Sinapis arv, flos, Sepia, Tabacum.","Ionx d/b/a HelloLife, LLC"
967,Furosemide,Furosemide,"MedVantx, Inc."
968,Lidocaine Hydrochloride,Lidocaine Hydrochloride,"General Injectables & Vaccines, Inc"
969,Forest Sap Patch,TOPICAL STARCH,KJI Industrial Co Ltd
970,CAREALL Muscle Rub,"Menthol, Methyl Salicylate","New World Imports, Inc"
971,Indomethacin,indomethacin,REMEDYREPACK INC.
972,Fluoxetine,Fluoxetine,Dr.Reddy's Laboratories Limited
973,NITRO-DUR,nitroglycerin,Merck Sharp & Dohme Corp.
974,Gabapentin,Gabapentin,REMEDYREPACK INC.
975,GUNA-TF PAPILLOMA,HUMAN PAPILLOMAVIRUS,Guna spa
976,womens laxative,Bisacodyl,"Good Sense (Geiss, Destin & Dunn, Inc.)"
977,Lycopodium Clavatum,LYCOPODIUM CLAVATUM SPORE,BrandStorm HBC
978,Mugwort,Mugwort,"Nelco Laboratories, Inc."
979,Lusair,Phenylephrine Hydrochloride and Guaifenesin,"Centurion Labs, LLC"
980,Reflux and Heartburn,"Arsenicum 30c, Bryonia 30c, Carbo Animalis 30c, Carbo Veg 30c, Nat Phos 30c, Nux Vomica 30c, Mag Phos 30c, Pulsatilla 30c, Sepia 30c",Home Sweet Homeopathics
981,Rapid Comfort Ibuprofen,Ibuprofen,"Lab Safety Supply, Inc."
982,CLARINS Broad Spectrum SPF 15 Sunscreen Extra-Firming Foundation Tint 104,TITANIUM DIOXIDE,Laboratoires Clarins S.A.
983,Gemfibrozil,Gemfibrozil,Rebel Distributors Corp
984,Hydromorphone Hydrochloride,HYDROMORPHONE HYDROCHLORIDE,"Teva Parenteral Medicines, Inc."
985,Amlodipine Besylate,Amlodipine besylate,"Ascend Laboratories, LLC"
986,Fosinopril Sodium and Hydrochlorothiazide,Fosinopril Sodium and Hydrochlorothiazide,Greenstone LLC
987,Paprika,Paprika,"Nelco Laboratories, Inc."
988,Lisinopril,Lisinopril,American Health Packaging
989,equaline antacid,Calcium carbonate,Supervalu Inc
990,Scent Killer Anti-Perspirant and Deodorant,Aluminum Zirconium Tetrachlorohydrex Gly,"Wildlife Research Center, Inc."
991,SMITH BROS NIGHT TIME COUGH and CONGESTION,"ACETAMINOPHEN, DEXTROMETHORPHAN HYDROBROMIDE, DOXYLAMINE SUCCINATE, PHENYLEPHRINE HYDROCHLORIDE",Universal Holdings I LLC
992,Saccharomyces cerevisiae,Saccharomyces cerevisiae,"Nelco Laboratories, Inc."
993,Brovana,arformoterol tartrate,Sunovion Pharmaceuticals Inc.
994,simply right minoxidil,Minoxidil,Sam's West Inc
995,Irbesartan,Irbesartan,Teva Pharmaceuticals USA Inc
996,Ear Ringing,"Arnica montana, Calcarea carbonica, Chenopodium anthelminticum, Chininum salicylicum, Cimicifuga racemosa, Coffea tosta, Kali iodatum, Kalmia latifolia, Magnesia carbonica, Manganum aceticum, Manganum carbonicum, Mercurius vivus, Natrum salicylicum, Salicylicum acidum, Thiosinaminum, Thyroidinum",King Bio Inc.
997,Oralair,"ANTHOXANTHUM ODORATUM POLLEN, DACTYLIS GLOMERATA POLLEN, LOLIUM PERENNE POLLEN, PHLEUM PRATENSE POLLEN, and POA PRATENSIS POLLEN",Stallergenes S.A
998,Sterile Alcohol Prep Pads,Isopropyl Alcohol,Carribbean Medical Brokers d.b.a. Specialty Medical Supplies
999,Adenosine,adenosine,REMEDYREPACK INC.
1000,Se-Tan PLUS,MULTIVITAMIN/MINERAL,Seton Pharmaceuticals